product_id,product_name,category,brand,cost_price,selling_price,inventory_status
P0001,Church Product,Books,Nike,235.31,366.22,LOW_STOCK
P0002,May Product,Electronics,Samsung,213.5,280.1,LOW_STOCK
P0003,Send Product,Sports,Sony,71.17,109.34,IN_STOCK
P0004,Long Product,Sports,Samsung,152.79,266.59,IN_STOCK
P0005,Hair Product,Sports,Sony,67.51,103.3,LOW_STOCK
P0006,Hard Product,Fashion,Adidas,110.99,133.09,IN_STOCK
P0007,Movement Product,Home,Samsung,62.12,76.9,LOW_STOCK
P0008,Picture Product,Fashion,Puma,103.05,118.99,OUT_OF_STOCK
P0009,Employee Product,Books,Samsung,298.51,340.5,IN_STOCK
P0010,Leader Product,Fashion,Adidas,44.75,58.0,OUT_OF_STOCK
P0011,Cup Product,Electronics,Samsung,224.4,314.81,OUT_OF_STOCK
P0012,Amount Product,Electronics,Samsung,246.24,405.94,IN_STOCK
P0013,You Product,Sports,Apple,221.02,250.58,IN_STOCK
P0014,Center Product,Sports,Samsung,207.79,373.31,IN_STOCK
P0015,Present Product,Electronics,Samsung,122.7,209.81,IN_STOCK
P0016,Upon Product,Books,Nike,209.63,303.77,LOW_STOCK
P0017,About Product,Home,Puma,130.72,169.1,OUT_OF_STOCK
P0018,Pm Product,Home,Sony,71.08,105.14,LOW_STOCK
P0019,Seat Product,Books,Puma,193.23,347.57,IN_STOCK
P0020,Couple Product,Fashion,Puma,164.12,195.62,LOW_STOCK
P0021,Team Product,Sports,Puma,127.0,185.78,IN_STOCK
P0022,To Product,Electronics,Puma,232.4,396.55,IN_STOCK
P0023,Resource Product,Books,Nike,131.56,197.39,IN_STOCK
P0024,Customer Product,Books,Sony,272.83,460.68,OUT_OF_STOCK
P0025,Rich Product,Electronics,Puma,12.02,14.09,OUT_OF_STOCK
P0026,Herself Product,Fashion,Adidas,232.84,364.86,OUT_OF_STOCK
P0027,Throw Product,Electronics,Nike,12.95,15.87,LOW_STOCK
P0028,Available Product,Electronics,Sony,121.03,179.48,OUT_OF_STOCK
P0029,Sometimes Product,Books,Nike,93.76,149.5,OUT_OF_STOCK
P0030,Without Product,Electronics,Nike,153.23,273.92,IN_STOCK
P0031,Before Product,Sports,Sony,127.24,190.22,OUT_OF_STOCK
P0032,Particular Product,Books,Apple,107.68,188.56,IN_STOCK
P0033,Any Product,Books,Puma,174.07,237.54,IN_STOCK
P0034,Develop Product,Electronics,Puma,243.22,309.86,OUT_OF_STOCK
P0035,Find Product,Electronics,Apple,185.86,260.05,OUT_OF_STOCK
P0036,Unit Product,Electronics,Nike,89.58,150.89,OUT_OF_STOCK
P0037,Free Product,Sports,Nike,278.75,353.15,LOW_STOCK
P0038,Project Product,Electronics,Puma,131.24,209.12,IN_STOCK
P0039,Night Product,Home,Sony,186.78,206.22,IN_STOCK
P0040,Thank Product,Sports,Samsung,119.79,165.35,LOW_STOCK
P0041,Effort Product,Fashion,Sony,192.62,339.74,IN_STOCK
P0042,Most Product,Electronics,Sony,47.0,69.41,LOW_STOCK
P0043,Protect Product,Sports,Apple,56.34,72.99,IN_STOCK
P0044,Movie Product,Fashion,Samsung,77.15,85.51,OUT_OF_STOCK
P0045,Address Product,Electronics,Sony,230.38,350.42,OUT_OF_STOCK
P0046,Every Product,Books,Nike,210.63,253.71,OUT_OF_STOCK
P0047,Environmental Product,Fashion,Puma,10.71,17.18,OUT_OF_STOCK
P0048,Visit Product,Electronics,Nike,184.8,300.1,LOW_STOCK
P0049,Project Product,Electronics,Sony,205.35,324.64,OUT_OF_STOCK
P0050,Nor Product,Home,Nike,189.22,320.0,LOW_STOCK
P0051,Skill Product,Fashion,Samsung,219.2,356.99,LOW_STOCK
P0052,Call Product,Electronics,Sony,196.01,216.29,LOW_STOCK
P0053,Better Product,Books,Adidas,250.43,396.8,IN_STOCK
P0054,Where Product,Electronics,Apple,80.63,129.95,OUT_OF_STOCK
P0055,Expect Product,Sports,Puma,243.2,412.05,OUT_OF_STOCK
P0056,Job Product,Books,Nike,214.65,248.88,LOW_STOCK
P0057,Magazine Product,Sports,Adidas,29.91,49.35,IN_STOCK
P0058,Life Product,Home,Samsung,77.41,91.07,IN_STOCK
P0059,Clearly Product,Fashion,Nike,53.78,91.65,IN_STOCK
P0060,Worry Product,Electronics,Sony,244.32,428.99,OUT_OF_STOCK
P0061,On Product,Fashion,Samsung,183.71,296.07,OUT_OF_STOCK
P0062,Question Product,Books,Apple,178.59,201.33,IN_STOCK
P0063,Meeting Product,Home,Apple,210.86,371.58,LOW_STOCK
P0064,Live Product,Fashion,Samsung,214.63,338.83,OUT_OF_STOCK
P0065,Like Product,Sports,Sony,282.7,380.22,IN_STOCK
P0066,Fish Product,Fashion,Apple,132.68,217.91,LOW_STOCK
P0067,Point Product,Sports,Apple,94.78,134.48,IN_STOCK
P0068,Actually Product,Sports,Sony,227.05,359.75,LOW_STOCK
P0069,Nor Product,Fashion,Sony,206.65,338.34,LOW_STOCK
P0070,General Product,Fashion,Sony,150.44,195.63,IN_STOCK
P0071,Fall Product,Electronics,Apple,277.95,369.93,IN_STOCK
P0072,Thank Product,Home,Puma,53.9,68.38,IN_STOCK
P0073,Memory Product,Fashion,Nike,291.24,359.17,OUT_OF_STOCK
P0074,Interest Product,Sports,Apple,203.33,250.51,OUT_OF_STOCK
P0075,Couple Product,Home,Sony,101.01,139.62,LOW_STOCK
P0076,Test Product,Fashion,Samsung,216.86,253.08,IN_STOCK
P0077,Modern Product,Electronics,Puma,273.67,489.8,IN_STOCK
P0078,Official Product,Fashion,Samsung,83.15,140.34,OUT_OF_STOCK
P0079,Already Product,Fashion,Apple,257.91,375.7,OUT_OF_STOCK
P0080,Once Product,Home,Puma,295.33,419.46,OUT_OF_STOCK
P0081,Sing Product,Fashion,Sony,227.08,333.32,OUT_OF_STOCK
P0082,Movement Product,Electronics,Puma,54.95,64.76,LOW_STOCK
P0083,With Product,Books,Samsung,228.03,260.64,IN_STOCK
P0084,Next Product,Fashion,Nike,113.08,171.84,OUT_OF_STOCK
P0085,Area Product,Home,Samsung,73.04,125.98,OUT_OF_STOCK
P0086,Play Product,Electronics,Puma,234.86,357.55,OUT_OF_STOCK
P0087,Nothing Product,Books,Samsung,232.16,321.22,LOW_STOCK
P0088,Development Product,Books,Puma,156.3,191.4,OUT_OF_STOCK
P0089,Thing Product,Home,Nike,225.09,357.51,LOW_STOCK
P0090,Face Product,Sports,Nike,225.28,343.48,OUT_OF_STOCK
P0091,Skin Product,Home,Samsung,87.52,145.42,OUT_OF_STOCK
P0092,Recent Product,Sports,Puma,199.66,296.67,LOW_STOCK
P0093,Support Product,Fashion,Apple,237.09,261.22,LOW_STOCK
P0094,Right Product,Electronics,Nike,147.65,173.75,OUT_OF_STOCK
P0095,Activity Product,Fashion,Puma,112.7,134.85,LOW_STOCK
P0096,Low Product,Electronics,Adidas,155.06,218.15,OUT_OF_STOCK
P0097,Word Product,Fashion,Sony,281.75,402.44,LOW_STOCK
P0098,Candidate Product,Fashion,Adidas,191.21,342.85,OUT_OF_STOCK
P0099,Peace Product,Sports,Adidas,283.07,454.3,OUT_OF_STOCK
P0100,Of Product,Electronics,Samsung,78.85,106.34,OUT_OF_STOCK
P0101,Nice Product,Sports,Adidas,29.75,52.94,IN_STOCK
P0102,Every Product,Sports,Puma,78.14,140.07,IN_STOCK
P0103,Then Product,Sports,Sony,248.73,359.44,IN_STOCK
P0104,Fall Product,Fashion,Puma,67.03,108.44,LOW_STOCK
P0105,Number Product,Books,Puma,130.89,156.36,OUT_OF_STOCK
P0106,Financial Product,Sports,Puma,284.41,364.74,LOW_STOCK
P0107,Final Product,Electronics,Puma,37.25,59.91,OUT_OF_STOCK
P0108,Family Product,Home,Adidas,263.36,301.97,OUT_OF_STOCK
P0109,Box Product,Electronics,Samsung,280.85,460.6,LOW_STOCK
P0110,Across Product,Sports,Nike,289.56,365.25,OUT_OF_STOCK
P0111,Wonder Product,Books,Adidas,129.58,195.52,IN_STOCK
P0112,Tv Product,Home,Adidas,209.36,266.4,OUT_OF_STOCK
P0113,Data Product,Electronics,Sony,245.9,322.84,OUT_OF_STOCK
P0114,Important Product,Home,Adidas,270.87,484.65,IN_STOCK
P0115,Use Product,Books,Adidas,103.68,159.97,LOW_STOCK
P0116,Reduce Product,Fashion,Samsung,278.97,436.98,OUT_OF_STOCK
P0117,Skin Product,Fashion,Adidas,148.55,199.44,IN_STOCK
P0118,Box Product,Electronics,Samsung,51.83,71.18,LOW_STOCK
P0119,Run Product,Home,Sony,78.71,140.72,OUT_OF_STOCK
P0120,Spend Product,Fashion,Samsung,136.7,193.3,LOW_STOCK
P0121,House Product,Electronics,Samsung,166.08,257.98,OUT_OF_STOCK
P0122,Too Product,Fashion,Apple,24.75,29.06,IN_STOCK
P0123,Write Product,Books,Apple,96.55,143.72,IN_STOCK
P0124,Yourself Product,Books,Nike,68.76,123.23,OUT_OF_STOCK
P0125,Truth Product,Sports,Adidas,148.67,201.65,IN_STOCK
P0126,Add Product,Sports,Puma,292.63,502.06,OUT_OF_STOCK
P0127,High Product,Electronics,Apple,149.4,194.83,IN_STOCK
P0128,Visit Product,Home,Adidas,119.87,157.21,LOW_STOCK
P0129,Two Product,Books,Samsung,178.24,238.37,LOW_STOCK
P0130,Everybody Product,Sports,Sony,71.6,105.96,OUT_OF_STOCK
P0131,Like Product,Books,Nike,241.35,299.87,IN_STOCK
P0132,Authority Product,Sports,Sony,188.58,270.56,LOW_STOCK
P0133,We Product,Electronics,Sony,188.56,209.56,IN_STOCK
P0134,Daughter Product,Home,Apple,157.55,208.73,IN_STOCK
P0135,Require Product,Fashion,Apple,250.45,412.11,LOW_STOCK
P0136,Short Product,Home,Samsung,23.54,32.55,IN_STOCK
P0137,Sometimes Product,Books,Adidas,25.75,41.81,LOW_STOCK
P0138,Pick Product,Books,Sony,267.89,411.79,LOW_STOCK
P0139,Difference Product,Fashion,Apple,137.99,185.56,OUT_OF_STOCK
P0140,Us Product,Sports,Nike,194.84,316.67,LOW_STOCK
P0141,Air Product,Electronics,Samsung,266.63,332.01,IN_STOCK
P0142,Produce Product,Sports,Nike,141.66,167.64,IN_STOCK
P0143,Recently Product,Fashion,Apple,97.19,121.64,IN_STOCK
P0144,Difficult Product,Sports,Adidas,135.91,187.02,IN_STOCK
P0145,By Product,Electronics,Nike,298.14,350.4,IN_STOCK
P0146,Kid Product,Electronics,Nike,233.49,302.4,IN_STOCK
P0147,Power Product,Electronics,Nike,99.27,148.34,LOW_STOCK
P0148,Figure Product,Electronics,Apple,11.75,15.06,OUT_OF_STOCK
P0149,Believe Product,Home,Samsung,213.11,302.86,IN_STOCK
P0150,Ground Product,Sports,Adidas,56.53,73.15,LOW_STOCK
P0151,Rather Product,Electronics,Adidas,162.77,259.46,IN_STOCK
P0152,Many Product,Sports,Samsung,174.21,218.35,LOW_STOCK
P0153,Agreement Product,Fashion,Adidas,193.99,273.64,LOW_STOCK
P0154,Red Product,Sports,Puma,93.31,156.28,OUT_OF_STOCK
P0155,Human Product,Sports,Apple,201.57,338.89,IN_STOCK
P0156,Movement Product,Home,Adidas,219.5,304.11,LOW_STOCK
P0157,Establish Product,Books,Sony,136.62,191.13,OUT_OF_STOCK
P0158,Get Product,Electronics,Adidas,25.69,45.4,OUT_OF_STOCK
P0159,Age Product,Home,Puma,216.24,300.58,LOW_STOCK
P0160,Serious Product,Books,Samsung,20.58,30.06,OUT_OF_STOCK
P0161,Eye Product,Sports,Nike,150.7,237.36,LOW_STOCK
P0162,Amount Product,Sports,Sony,247.01,410.14,LOW_STOCK
P0163,Value Product,Home,Samsung,107.19,181.75,IN_STOCK
P0164,Maintain Product,Fashion,Sony,196.93,265.19,OUT_OF_STOCK
P0165,Her Product,Fashion,Sony,206.58,265.39,LOW_STOCK
P0166,Plan Product,Sports,Nike,266.53,472.01,IN_STOCK
P0167,Short Product,Sports,Nike,210.91,378.64,LOW_STOCK
P0168,Here Product,Home,Puma,70.98,117.42,IN_STOCK
P0169,While Product,Home,Adidas,294.42,480.62,IN_STOCK
P0170,Strong Product,Electronics,Puma,121.57,184.78,OUT_OF_STOCK
P0171,Too Product,Home,Samsung,226.2,301.9,LOW_STOCK
P0172,Major Product,Electronics,Puma,72.03,83.42,LOW_STOCK
P0173,Yet Product,Sports,Adidas,172.15,251.92,LOW_STOCK
P0174,Both Product,Home,Puma,25.91,30.12,LOW_STOCK
P0175,Seat Product,Fashion,Nike,75.03,91.6,OUT_OF_STOCK
P0176,Student Product,Home,Nike,131.2,223.18,OUT_OF_STOCK
P0177,Fly Product,Home,Sony,277.31,410.93,LOW_STOCK
P0178,We Product,Home,Puma,234.74,285.64,IN_STOCK
P0179,Eye Product,Home,Sony,69.44,89.29,OUT_OF_STOCK
P0180,Town Product,Sports,Sony,105.13,123.46,LOW_STOCK
P0181,Rest Product,Electronics,Sony,96.31,108.05,IN_STOCK
P0182,Write Product,Sports,Sony,266.61,321.59,OUT_OF_STOCK
P0183,Employee Product,Sports,Sony,135.86,205.84,OUT_OF_STOCK
P0184,Spend Product,Fashion,Samsung,244.72,282.07,IN_STOCK
P0185,Focus Product,Home,Nike,288.61,478.13,IN_STOCK
P0186,Nearly Product,Electronics,Apple,196.44,341.48,IN_STOCK
P0187,Southern Product,Home,Samsung,70.17,106.23,IN_STOCK
P0188,On Product,Fashion,Adidas,93.53,126.01,LOW_STOCK
P0189,Money Product,Books,Samsung,150.45,223.22,IN_STOCK
P0190,I Product,Books,Nike,176.44,255.64,OUT_OF_STOCK
P0191,Financial Product,Home,Sony,233.5,314.13,LOW_STOCK
P0192,View Product,Electronics,Sony,221.62,267.84,OUT_OF_STOCK
P0193,Street Product,Fashion,Puma,208.5,233.64,LOW_STOCK
P0194,Better Product,Fashion,Puma,294.9,343.81,IN_STOCK
P0195,Friend Product,Home,Apple,122.84,195.04,IN_STOCK
P0196,Leave Product,Home,Nike,116.55,147.41,IN_STOCK
P0197,Direction Product,Electronics,Adidas,269.58,361.42,LOW_STOCK
P0198,Sure Product,Electronics,Nike,273.16,323.01,LOW_STOCK
P0199,Art Product,Fashion,Sony,195.42,278.68,LOW_STOCK
P0200,Understand Product,Books,Nike,68.34,82.09,OUT_OF_STOCK
P0201,Hot Product,Fashion,Puma,210.82,295.93,LOW_STOCK
P0202,Short Product,Electronics,Adidas,243.81,309.95,IN_STOCK
P0203,Imagine Product,Sports,Nike,236.83,347.96,LOW_STOCK
P0204,Democrat Product,Electronics,Apple,175.01,277.2,LOW_STOCK
P0205,Day Product,Electronics,Adidas,57.19,72.5,LOW_STOCK
P0206,Realize Product,Fashion,Nike,274.24,443.17,OUT_OF_STOCK
P0207,Treatment Product,Home,Puma,24.13,30.67,OUT_OF_STOCK
P0208,Measure Product,Fashion,Sony,288.0,485.64,OUT_OF_STOCK
P0209,Film Product,Sports,Samsung,232.26,389.45,OUT_OF_STOCK
P0210,Record Product,Home,Nike,114.12,196.83,IN_STOCK
P0211,Lot Product,Home,Apple,235.45,277.41,LOW_STOCK
P0212,Decide Product,Electronics,Nike,184.51,277.72,OUT_OF_STOCK
P0213,Off Product,Fashion,Puma,280.44,419.29,LOW_STOCK
P0214,Form Product,Electronics,Samsung,30.8,48.58,LOW_STOCK
P0215,Whose Product,Home,Adidas,70.35,100.7,IN_STOCK
P0216,Baby Product,Home,Adidas,30.03,38.39,IN_STOCK
P0217,Nearly Product,Home,Sony,146.75,208.34,LOW_STOCK
P0218,Case Product,Electronics,Apple,251.83,325.87,IN_STOCK
P0219,Open Product,Home,Adidas,105.15,180.78,IN_STOCK
P0220,Scientist Product,Home,Samsung,123.12,169.22,OUT_OF_STOCK
P0221,Now Product,Home,Sony,140.53,224.44,IN_STOCK
P0222,Theory Product,Books,Puma,24.29,42.87,IN_STOCK
P0223,Mother Product,Home,Apple,287.69,500.69,OUT_OF_STOCK
P0224,There Product,Books,Adidas,205.04,249.95,OUT_OF_STOCK
P0225,Activity Product,Electronics,Nike,48.17,75.1,OUT_OF_STOCK
P0226,Law Product,Fashion,Sony,58.3,72.7,OUT_OF_STOCK
P0227,Hundred Product,Fashion,Adidas,154.68,238.56,OUT_OF_STOCK
P0228,Second Product,Electronics,Nike,51.11,70.85,IN_STOCK
P0229,Hair Product,Fashion,Adidas,271.0,457.65,OUT_OF_STOCK
P0230,The Product,Books,Samsung,60.35,97.42,OUT_OF_STOCK
P0231,Ok Product,Home,Samsung,58.15,71.56,IN_STOCK
P0232,Page Product,Books,Puma,111.96,199.94,IN_STOCK
P0233,Affect Product,Electronics,Apple,134.72,209.86,OUT_OF_STOCK
P0234,Be Product,Home,Puma,54.85,94.77,IN_STOCK
P0235,Happy Product,Electronics,Adidas,168.25,198.32,OUT_OF_STOCK
P0236,Tv Product,Sports,Adidas,117.34,195.01,IN_STOCK
P0237,Have Product,Books,Sony,214.99,339.62,IN_STOCK
P0238,Lay Product,Books,Samsung,229.03,327.61,OUT_OF_STOCK
P0239,About Product,Fashion,Nike,96.11,156.45,IN_STOCK
P0240,Can Product,Home,Puma,77.14,114.78,IN_STOCK
P0241,Well Product,Fashion,Apple,37.72,55.45,LOW_STOCK
P0242,Fine Product,Home,Samsung,124.55,199.66,LOW_STOCK
P0243,Very Product,Books,Nike,61.02,88.47,OUT_OF_STOCK
P0244,Instead Product,Books,Sony,213.14,239.26,IN_STOCK
P0245,Their Product,Fashion,Sony,140.59,212.81,IN_STOCK
P0246,Management Product,Sports,Nike,240.34,310.52,IN_STOCK
P0247,Finally Product,Books,Samsung,283.59,337.55,LOW_STOCK
P0248,Very Product,Fashion,Nike,202.64,267.25,LOW_STOCK
P0249,Rich Product,Books,Samsung,241.5,308.43,OUT_OF_STOCK
P0250,Reflect Product,Sports,Nike,47.28,53.41,LOW_STOCK
P0251,Blue Product,Books,Nike,108.58,126.95,OUT_OF_STOCK
P0252,Fact Product,Fashion,Puma,216.04,358.73,IN_STOCK
P0253,Part Product,Fashion,Apple,136.62,157.31,LOW_STOCK
P0254,Success Product,Fashion,Sony,72.95,130.74,OUT_OF_STOCK
P0255,Citizen Product,Sports,Apple,69.19,90.56,IN_STOCK
P0256,Term Product,Fashion,Apple,97.2,118.64,LOW_STOCK
P0257,Those Product,Sports,Puma,105.06,130.19,LOW_STOCK
P0258,Concern Product,Electronics,Puma,119.39,134.0,OUT_OF_STOCK
P0259,Dream Product,Books,Apple,276.96,385.44,IN_STOCK
P0260,Total Product,Home,Samsung,108.3,193.16,LOW_STOCK
P0261,Question Product,Electronics,Sony,195.57,315.23,LOW_STOCK
P0262,Very Product,Home,Samsung,195.93,320.1,LOW_STOCK
P0263,Computer Product,Sports,Nike,239.98,341.17,LOW_STOCK
P0264,Computer Product,Sports,Apple,45.8,58.75,IN_STOCK
P0265,Card Product,Electronics,Adidas,275.94,402.91,LOW_STOCK
P0266,Time Product,Sports,Adidas,174.83,211.02,IN_STOCK
P0267,Hotel Product,Books,Samsung,138.26,183.97,LOW_STOCK
P0268,Way Product,Home,Puma,203.81,248.34,LOW_STOCK
P0269,Month Product,Electronics,Apple,177.73,259.29,IN_STOCK
P0270,Data Product,Electronics,Samsung,139.86,230.86,IN_STOCK
P0271,Describe Product,Fashion,Apple,190.12,241.6,LOW_STOCK
P0272,International Product,Fashion,Samsung,18.62,21.83,OUT_OF_STOCK
P0273,Newspaper Product,Books,Puma,169.05,299.74,LOW_STOCK
P0274,Front Product,Sports,Sony,239.67,287.37,OUT_OF_STOCK
P0275,Oil Product,Fashion,Samsung,256.42,453.01,IN_STOCK
P0276,There Product,Sports,Nike,118.31,193.68,OUT_OF_STOCK
P0277,Those Product,Books,Nike,65.29,87.05,OUT_OF_STOCK
P0278,Imagine Product,Books,Apple,259.78,375.55,OUT_OF_STOCK
P0279,Mr Product,Sports,Adidas,147.66,164.13,OUT_OF_STOCK
P0280,Benefit Product,Electronics,Samsung,238.4,358.28,LOW_STOCK
P0281,Our Product,Electronics,Adidas,171.69,209.24,IN_STOCK
P0282,Window Product,Electronics,Apple,84.42,95.52,OUT_OF_STOCK
P0283,Treat Product,Sports,Nike,83.54,99.67,LOW_STOCK
P0284,Pull Product,Books,Puma,116.18,129.09,OUT_OF_STOCK
P0285,Red Product,Home,Adidas,32.59,38.04,LOW_STOCK
P0286,Maybe Product,Sports,Sony,190.26,288.18,OUT_OF_STOCK
P0287,Fear Product,Fashion,Sony,181.76,243.68,IN_STOCK
P0288,Out Product,Sports,Apple,181.38,239.51,IN_STOCK
P0289,Plant Product,Fashion,Samsung,78.34,102.74,OUT_OF_STOCK
P0290,Seem Product,Sports,Samsung,91.42,113.56,LOW_STOCK
P0291,Tell Product,Books,Nike,81.93,137.62,IN_STOCK
P0292,Exist Product,Electronics,Nike,237.45,417.41,OUT_OF_STOCK
P0293,Check Product,Books,Puma,254.95,401.2,OUT_OF_STOCK
P0294,Certain Product,Electronics,Samsung,135.28,184.98,IN_STOCK
P0295,Area Product,Sports,Nike,256.29,348.17,OUT_OF_STOCK
P0296,Majority Product,Electronics,Apple,90.08,148.84,OUT_OF_STOCK
P0297,Tv Product,Fashion,Apple,266.97,387.98,IN_STOCK
P0298,Main Product,Electronics,Adidas,163.79,265.08,LOW_STOCK
P0299,Newspaper Product,Sports,Samsung,109.3,132.99,OUT_OF_STOCK
P0300,Know Product,Sports,Apple,109.36,162.29,OUT_OF_STOCK
P0301,Simple Product,Electronics,Samsung,246.12,282.8,IN_STOCK
P0302,Story Product,Books,Samsung,147.28,211.69,OUT_OF_STOCK
P0303,Job Product,Sports,Adidas,18.76,31.86,OUT_OF_STOCK
P0304,Drop Product,Electronics,Samsung,37.93,53.88,OUT_OF_STOCK
P0305,Everybody Product,Fashion,Apple,15.28,23.94,IN_STOCK
P0306,Conference Product,Books,Adidas,187.84,301.3,LOW_STOCK
P0307,You Product,Fashion,Nike,162.15,241.1,IN_STOCK
P0308,Land Product,Home,Adidas,183.79,300.14,OUT_OF_STOCK
P0309,Structure Product,Electronics,Samsung,224.28,273.22,OUT_OF_STOCK
P0310,Million Product,Electronics,Adidas,233.82,292.86,OUT_OF_STOCK
P0311,Doctor Product,Home,Adidas,104.61,162.22,IN_STOCK
P0312,Produce Product,Fashion,Puma,53.09,86.79,IN_STOCK
P0313,Record Product,Books,Adidas,54.9,82.11,LOW_STOCK
P0314,Population Product,Electronics,Apple,48.17,55.83,IN_STOCK
P0315,Her Product,Books,Apple,63.27,75.32,OUT_OF_STOCK
P0316,Production Product,Sports,Samsung,27.49,46.61,LOW_STOCK
P0317,Investment Product,Electronics,Puma,61.38,72.76,IN_STOCK
P0318,Point Product,Fashion,Samsung,41.47,45.78,LOW_STOCK
P0319,Trip Product,Books,Adidas,278.76,448.24,LOW_STOCK
P0320,Newspaper Product,Fashion,Apple,129.43,148.93,IN_STOCK
P0321,About Product,Home,Puma,267.72,357.09,IN_STOCK
P0322,Young Product,Fashion,Samsung,224.65,292.33,IN_STOCK
P0323,Forward Product,Electronics,Apple,136.43,206.61,LOW_STOCK
P0324,Control Product,Books,Nike,62.41,73.37,LOW_STOCK
P0325,Better Product,Home,Nike,120.61,175.25,OUT_OF_STOCK
P0326,Teach Product,Fashion,Adidas,34.63,50.21,IN_STOCK
P0327,Only Product,Books,Nike,258.33,356.96,IN_STOCK
P0328,Anyone Product,Sports,Puma,187.12,226.27,OUT_OF_STOCK
P0329,Well Product,Home,Sony,132.21,163.86,LOW_STOCK
P0330,Assume Product,Home,Nike,90.33,141.48,OUT_OF_STOCK
P0331,Evening Product,Sports,Apple,40.53,50.43,OUT_OF_STOCK
P0332,Man Product,Books,Sony,274.68,492.28,IN_STOCK
P0333,Fight Product,Fashion,Sony,258.85,366.55,IN_STOCK
P0334,Mother Product,Sports,Sony,123.98,172.05,IN_STOCK
P0335,Great Product,Fashion,Nike,61.4,108.58,IN_STOCK
P0336,Table Product,Fashion,Apple,191.31,263.42,IN_STOCK
P0337,Pretty Product,Home,Adidas,227.02,361.37,OUT_OF_STOCK
P0338,Star Product,Home,Apple,64.08,85.23,IN_STOCK
P0339,Science Product,Home,Apple,124.47,169.38,IN_STOCK
P0340,Reason Product,Sports,Puma,113.29,176.61,OUT_OF_STOCK
P0341,Meeting Product,Electronics,Adidas,93.07,132.81,LOW_STOCK
P0342,Most Product,Electronics,Puma,86.33,131.21,OUT_OF_STOCK
P0343,Follow Product,Books,Sony,26.87,34.73,IN_STOCK
P0344,Around Product,Books,Apple,177.59,294.06,OUT_OF_STOCK
P0345,Body Product,Sports,Samsung,107.01,175.14,IN_STOCK
P0346,Thousand Product,Home,Adidas,112.2,151.96,OUT_OF_STOCK
P0347,Finally Product,Home,Samsung,161.46,288.63,IN_STOCK
P0348,Building Product,Fashion,Puma,281.38,415.87,IN_STOCK
P0349,Their Product,Sports,Puma,117.43,174.77,OUT_OF_STOCK
P0350,Street Product,Books,Samsung,241.68,328.21,LOW_STOCK
P0351,Nice Product,Sports,Adidas,209.77,263.95,IN_STOCK
P0352,Capital Product,Sports,Puma,207.51,321.63,LOW_STOCK
P0353,Physical Product,Books,Sony,217.42,270.0,LOW_STOCK
P0354,Relate Product,Books,Samsung,196.06,336.04,LOW_STOCK
P0355,Rock Product,Fashion,Adidas,101.55,118.21,LOW_STOCK
P0356,Father Product,Electronics,Adidas,280.68,314.86,LOW_STOCK
P0357,Account Product,Home,Samsung,33.44,53.94,LOW_STOCK
P0358,Room Product,Electronics,Samsung,126.77,216.87,LOW_STOCK
P0359,Race Product,Home,Puma,58.98,78.12,LOW_STOCK
P0360,Show Product,Books,Puma,242.2,398.1,LOW_STOCK
P0361,Board Product,Home,Apple,21.99,38.14,OUT_OF_STOCK
P0362,Federal Product,Books,Nike,55.55,71.52,IN_STOCK
P0363,Stage Product,Sports,Nike,59.53,95.94,IN_STOCK
P0364,Public Product,Fashion,Samsung,28.56,49.18,IN_STOCK
P0365,Give Product,Electronics,Sony,248.97,448.09,OUT_OF_STOCK
P0366,Wish Product,Books,Nike,248.52,367.15,IN_STOCK
P0367,Family Product,Books,Puma,173.57,291.91,LOW_STOCK
P0368,Investment Product,Fashion,Adidas,265.13,411.42,IN_STOCK
P0369,Forward Product,Sports,Puma,269.35,320.97,LOW_STOCK
P0370,Boy Product,Electronics,Adidas,49.94,60.77,IN_STOCK
P0371,Learn Product,Sports,Apple,232.98,416.57,IN_STOCK
P0372,Card Product,Books,Sony,50.32,63.81,LOW_STOCK
P0373,Huge Product,Fashion,Samsung,37.45,54.66,IN_STOCK
P0374,Sense Product,Books,Samsung,192.54,226.16,IN_STOCK
P0375,Yet Product,Books,Apple,296.72,386.75,IN_STOCK
P0376,Role Product,Sports,Puma,218.8,347.39,IN_STOCK
P0377,Pull Product,Electronics,Adidas,226.97,362.78,IN_STOCK
P0378,Fact Product,Books,Puma,23.31,34.72,OUT_OF_STOCK
P0379,Hair Product,Home,Sony,164.05,292.25,LOW_STOCK
P0380,Various Product,Home,Puma,150.4,225.77,IN_STOCK
P0381,Try Product,Fashion,Sony,86.73,103.29,OUT_OF_STOCK
P0382,Chair Product,Home,Apple,173.82,221.85,OUT_OF_STOCK
P0383,Evening Product,Books,Samsung,172.83,249.64,LOW_STOCK
P0384,Security Product,Fashion,Sony,120.56,151.74,IN_STOCK
P0385,Cultural Product,Books,Adidas,252.63,372.96,OUT_OF_STOCK
P0386,Former Product,Electronics,Puma,205.27,257.91,IN_STOCK
P0387,Benefit Product,Electronics,Apple,268.08,305.2,OUT_OF_STOCK
P0388,Simply Product,Home,Sony,160.15,258.36,IN_STOCK
P0389,Try Product,Sports,Nike,85.99,148.29,OUT_OF_STOCK
P0390,Language Product,Fashion,Nike,227.81,330.05,IN_STOCK
P0391,Enter Product,Sports,Nike,264.46,368.67,IN_STOCK
P0392,Beat Product,Sports,Apple,226.7,329.25,IN_STOCK
P0393,Section Product,Home,Samsung,225.03,294.45,IN_STOCK
P0394,Site Product,Books,Nike,182.47,321.56,IN_STOCK
P0395,Little Product,Electronics,Adidas,270.76,298.04,OUT_OF_STOCK
P0396,Party Product,Home,Nike,90.25,122.28,LOW_STOCK
P0397,International Product,Sports,Apple,36.3,42.81,LOW_STOCK
P0398,Friend Product,Fashion,Puma,208.75,230.31,IN_STOCK
P0399,In Product,Home,Adidas,30.67,35.03,IN_STOCK
P0400,Arm Product,Sports,Samsung,159.36,216.17,IN_STOCK
P0401,Activity Product,Sports,Nike,221.53,247.02,LOW_STOCK
P0402,Word Product,Books,Sony,260.93,364.25,LOW_STOCK
P0403,Strategy Product,Fashion,Apple,299.93,470.11,LOW_STOCK
P0404,Prepare Product,Electronics,Puma,25.27,43.6,LOW_STOCK
P0405,Site Product,Sports,Nike,142.8,255.96,LOW_STOCK
P0406,Without Product,Fashion,Samsung,297.56,331.93,LOW_STOCK
P0407,Return Product,Books,Samsung,132.51,186.74,OUT_OF_STOCK
P0408,History Product,Home,Samsung,171.38,266.53,OUT_OF_STOCK
P0409,Single Product,Sports,Samsung,40.44,61.1,IN_STOCK
P0410,Shoulder Product,Books,Apple,272.57,457.72,LOW_STOCK
P0411,She Product,Sports,Nike,279.37,378.4,IN_STOCK
P0412,Analysis Product,Fashion,Nike,156.53,233.24,IN_STOCK
P0413,Picture Product,Books,Sony,297.3,473.67,IN_STOCK
P0414,Ever Product,Sports,Puma,113.7,154.23,IN_STOCK
P0415,Mean Product,Books,Apple,31.5,46.5,LOW_STOCK
P0416,Rather Product,Home,Apple,273.65,436.47,LOW_STOCK
P0417,Network Product,Fashion,Samsung,235.65,342.49,IN_STOCK
P0418,Than Product,Sports,Samsung,191.5,334.53,OUT_OF_STOCK
P0419,List Product,Electronics,Sony,231.3,261.83,LOW_STOCK
P0420,Door Product,Home,Apple,174.04,295.01,IN_STOCK
P0421,Car Product,Fashion,Samsung,129.4,227.34,OUT_OF_STOCK
P0422,He Product,Home,Apple,186.48,245.22,LOW_STOCK
P0423,Popular Product,Sports,Apple,266.85,325.02,LOW_STOCK
P0424,According Product,Home,Adidas,45.45,76.46,IN_STOCK
P0425,Best Product,Fashion,Sony,230.21,337.15,OUT_OF_STOCK
P0426,Itself Product,Books,Sony,181.7,297.55,OUT_OF_STOCK
P0427,Care Product,Fashion,Adidas,65.13,99.71,IN_STOCK
P0428,Article Product,Home,Nike,210.36,274.8,LOW_STOCK
P0429,Condition Product,Fashion,Adidas,69.2,116.99,OUT_OF_STOCK
P0430,Them Product,Electronics,Adidas,257.98,440.89,IN_STOCK
P0431,Risk Product,Electronics,Puma,281.38,461.51,OUT_OF_STOCK
P0432,Daughter Product,Fashion,Adidas,166.56,286.1,OUT_OF_STOCK
P0433,Attention Product,Books,Apple,36.13,50.3,IN_STOCK
P0434,Range Product,Electronics,Samsung,179.49,234.97,LOW_STOCK
P0435,Scene Product,Sports,Sony,291.41,369.64,IN_STOCK
P0436,Authority Product,Electronics,Apple,37.72,64.7,OUT_OF_STOCK
P0437,Security Product,Sports,Nike,165.06,189.58,LOW_STOCK
P0438,Suggest Product,Electronics,Adidas,279.98,347.03,OUT_OF_STOCK
P0439,Sit Product,Fashion,Samsung,23.71,34.79,LOW_STOCK
P0440,Participant Product,Home,Apple,110.06,141.77,OUT_OF_STOCK
P0441,Could Product,Sports,Samsung,118.16,155.8,IN_STOCK
P0442,Maybe Product,Fashion,Nike,189.59,283.9,LOW_STOCK
P0443,Film Product,Home,Adidas,172.81,309.78,IN_STOCK
P0444,Executive Product,Books,Samsung,109.47,165.23,LOW_STOCK
P0445,Contain Product,Books,Puma,283.45,368.63,LOW_STOCK
P0446,Up Product,Fashion,Sony,59.36,95.0,IN_STOCK
P0447,Like Product,Electronics,Sony,180.71,204.33,OUT_OF_STOCK
P0448,Believe Product,Electronics,Adidas,239.03,318.31,IN_STOCK
P0449,Identify Product,Electronics,Apple,286.6,428.88,OUT_OF_STOCK
P0450,Least Product,Books,Samsung,15.21,22.84,OUT_OF_STOCK
P0451,Win Product,Sports,Samsung,67.59,108.96,OUT_OF_STOCK
P0452,Soon Product,Fashion,Nike,107.2,175.56,OUT_OF_STOCK
P0453,Travel Product,Home,Sony,299.02,376.7,LOW_STOCK
P0454,Surface Product,Sports,Adidas,15.32,23.15,OUT_OF_STOCK
P0455,Call Product,Books,Nike,234.73,363.04,IN_STOCK
P0456,Could Product,Fashion,Puma,258.06,329.94,LOW_STOCK
P0457,Remember Product,Electronics,Sony,46.03,61.0,OUT_OF_STOCK
P0458,Free Product,Fashion,Apple,69.89,109.01,LOW_STOCK
P0459,House Product,Home,Samsung,87.08,128.16,OUT_OF_STOCK
P0460,Remain Product,Home,Adidas,297.06,446.97,LOW_STOCK
P0461,Require Product,Electronics,Apple,43.28,75.85,OUT_OF_STOCK
P0462,Anything Product,Sports,Nike,141.97,193.59,IN_STOCK
P0463,Rest Product,Sports,Apple,219.24,371.52,LOW_STOCK
P0464,Star Product,Sports,Puma,152.54,240.79,OUT_OF_STOCK
P0465,Resource Product,Home,Samsung,165.67,294.26,LOW_STOCK
P0466,Discussion Product,Sports,Nike,57.23,101.52,LOW_STOCK
P0467,Police Product,Electronics,Samsung,141.37,248.78,LOW_STOCK
P0468,Author Product,Home,Samsung,19.57,28.35,LOW_STOCK
P0469,Leave Product,Fashion,Adidas,85.38,123.16,IN_STOCK
P0470,Mind Product,Home,Adidas,170.67,251.67,IN_STOCK
P0471,Local Product,Home,Sony,256.54,401.13,LOW_STOCK
P0472,Ground Product,Home,Nike,126.09,150.55,OUT_OF_STOCK
P0473,South Product,Sports,Apple,158.83,233.01,IN_STOCK
P0474,Artist Product,Electronics,Adidas,86.4,122.86,OUT_OF_STOCK
P0475,Evidence Product,Books,Sony,241.68,427.58,LOW_STOCK
P0476,Phone Product,Books,Puma,192.41,329.01,IN_STOCK
P0477,Seat Product,Fashion,Puma,23.25,41.71,LOW_STOCK
P0478,Five Product,Electronics,Puma,246.69,386.51,LOW_STOCK
P0479,With Product,Sports,Apple,33.19,48.16,LOW_STOCK
P0480,Least Product,Fashion,Adidas,19.53,21.82,LOW_STOCK
P0481,Together Product,Electronics,Sony,78.82,107.98,LOW_STOCK
P0482,Tell Product,Fashion,Apple,113.21,155.74,OUT_OF_STOCK
P0483,Stage Product,Home,Samsung,152.62,200.79,OUT_OF_STOCK
P0484,Institution Product,Sports,Samsung,147.51,260.97,OUT_OF_STOCK
P0485,Discover Product,Sports,Apple,245.37,415.0,OUT_OF_STOCK
P0486,No Product,Books,Nike,211.7,244.82,OUT_OF_STOCK
P0487,Forward Product,Home,Puma,134.23,194.95,IN_STOCK
P0488,Social Product,Home,Adidas,19.65,21.89,LOW_STOCK
P0489,Audience Product,Home,Puma,179.39,235.28,IN_STOCK
P0490,Bank Product,Home,Sony,274.03,406.87,OUT_OF_STOCK
P0491,Generation Product,Books,Puma,156.99,206.33,OUT_OF_STOCK
P0492,After Product,Fashion,Apple,162.75,246.47,OUT_OF_STOCK
P0493,Understand Product,Home,Puma,165.47,236.74,OUT_OF_STOCK
P0494,More Product,Home,Apple,102.67,182.16,LOW_STOCK
P0495,Share Product,Books,Apple,11.03,18.1,IN_STOCK
P0496,Away Product,Home,Puma,111.69,192.81,IN_STOCK
P0497,Seek Product,Sports,Nike,149.26,267.09,IN_STOCK
P0498,Describe Product,Electronics,Nike,83.52,130.65,LOW_STOCK
P0499,Any Product,Books,Apple,226.86,255.29,LOW_STOCK
P0500,Challenge Product,Electronics,Apple,157.23,255.28,IN_STOCK
P0501,Some Product,Sports,Sony,19.92,27.28,IN_STOCK
P0502,North Product,Electronics,Nike,269.63,391.52,IN_STOCK
P0503,Yeah Product,Fashion,Adidas,40.84,57.19,IN_STOCK
P0504,Approach Product,Books,Adidas,233.9,389.92,IN_STOCK
P0505,Every Product,Fashion,Nike,244.27,327.18,OUT_OF_STOCK
P0506,Mention Product,Electronics,Sony,283.97,424.85,OUT_OF_STOCK
P0507,Those Product,Books,Apple,152.72,246.33,IN_STOCK
P0508,Election Product,Sports,Puma,118.32,166.51,OUT_OF_STOCK
P0509,Environment Product,Fashion,Samsung,47.05,72.41,IN_STOCK
P0510,Charge Product,Electronics,Nike,209.63,244.43,LOW_STOCK
P0511,Skin Product,Sports,Nike,188.83,216.11,IN_STOCK
P0512,Suffer Product,Fashion,Samsung,200.55,275.95,OUT_OF_STOCK
P0513,Begin Product,Home,Nike,102.92,163.47,LOW_STOCK
P0514,Peace Product,Fashion,Adidas,239.95,287.65,OUT_OF_STOCK
P0515,Member Product,Fashion,Apple,151.37,241.4,IN_STOCK
P0516,Paper Product,Fashion,Sony,248.96,349.47,OUT_OF_STOCK
P0517,Someone Product,Fashion,Adidas,227.16,303.21,LOW_STOCK
P0518,Test Product,Sports,Apple,36.41,46.05,IN_STOCK
P0519,Quickly Product,Home,Nike,177.97,290.35,IN_STOCK
P0520,Sea Product,Books,Puma,270.86,383.56,LOW_STOCK
P0521,Father Product,Sports,Adidas,32.19,48.98,OUT_OF_STOCK
P0522,Recently Product,Books,Samsung,149.46,214.79,OUT_OF_STOCK
P0523,Make Product,Books,Puma,71.99,91.8,IN_STOCK
P0524,Pattern Product,Home,Adidas,111.41,126.46,OUT_OF_STOCK
P0525,Program Product,Home,Sony,230.74,412.77,OUT_OF_STOCK
P0526,Not Product,Fashion,Adidas,158.16,220.94,IN_STOCK
P0527,Time Product,Home,Samsung,287.62,434.37,OUT_OF_STOCK
P0528,Kid Product,Electronics,Nike,265.32,349.59,IN_STOCK
P0529,Wonder Product,Home,Nike,83.05,108.16,IN_STOCK
P0530,West Product,Home,Sony,109.88,150.74,IN_STOCK
P0531,Concern Product,Home,Samsung,214.7,365.16,LOW_STOCK
P0532,Sign Product,Sports,Nike,90.6,106.32,IN_STOCK
P0533,Medical Product,Sports,Apple,215.89,319.55,LOW_STOCK
P0534,Leave Product,Home,Puma,80.18,125.72,OUT_OF_STOCK
P0535,Good Product,Home,Apple,209.43,356.63,IN_STOCK
P0536,Material Product,Books,Adidas,290.16,333.06,LOW_STOCK
P0537,Everything Product,Sports,Adidas,192.43,295.78,OUT_OF_STOCK
P0538,Message Product,Sports,Apple,21.82,34.2,IN_STOCK
P0539,Beautiful Product,Books,Samsung,42.32,67.13,LOW_STOCK
P0540,Type Product,Sports,Apple,163.03,250.48,OUT_OF_STOCK
P0541,Want Product,Electronics,Adidas,267.57,348.86,IN_STOCK
P0542,My Product,Fashion,Sony,243.66,413.24,OUT_OF_STOCK
P0543,Clear Product,Fashion,Adidas,266.22,474.9,IN_STOCK
P0544,Gas Product,Sports,Sony,90.81,128.46,OUT_OF_STOCK
P0545,Hope Product,Fashion,Puma,200.03,321.46,IN_STOCK
P0546,Suddenly Product,Sports,Adidas,223.08,332.62,LOW_STOCK
P0547,Land Product,Sports,Puma,58.69,80.54,OUT_OF_STOCK
P0548,Item Product,Books,Adidas,124.69,155.02,IN_STOCK
P0549,Art Product,Fashion,Samsung,106.88,126.34,LOW_STOCK
P0550,And Product,Sports,Samsung,204.31,334.2,LOW_STOCK
P0551,Hold Product,Books,Samsung,186.68,289.18,OUT_OF_STOCK
P0552,Learn Product,Electronics,Nike,249.7,373.49,IN_STOCK
P0553,Never Product,Fashion,Adidas,171.42,288.82,LOW_STOCK
P0554,Attorney Product,Fashion,Nike,193.56,213.42,LOW_STOCK
P0555,Half Product,Sports,Adidas,160.52,189.95,OUT_OF_STOCK
P0556,Seven Product,Books,Nike,167.21,260.92,OUT_OF_STOCK
P0557,Rest Product,Electronics,Nike,289.56,334.71,IN_STOCK
P0558,Each Product,Home,Nike,15.86,26.21,OUT_OF_STOCK
P0559,Low Product,Electronics,Apple,235.24,349.68,LOW_STOCK
P0560,Store Product,Home,Nike,82.89,137.52,IN_STOCK
P0561,Product Product,Electronics,Samsung,202.79,290.43,LOW_STOCK
P0562,The Product,Electronics,Sony,62.06,76.1,LOW_STOCK
P0563,Machine Product,Fashion,Nike,237.02,370.1,LOW_STOCK
P0564,Radio Product,Electronics,Samsung,283.17,451.51,OUT_OF_STOCK
P0565,Turn Product,Home,Samsung,33.78,58.56,IN_STOCK
P0566,Both Product,Sports,Sony,222.36,336.54,OUT_OF_STOCK
P0567,Series Product,Books,Nike,42.92,56.13,IN_STOCK
P0568,About Product,Electronics,Sony,254.78,382.42,OUT_OF_STOCK
P0569,Interview Product,Electronics,Adidas,180.54,244.0,LOW_STOCK
P0570,Generation Product,Fashion,Apple,138.02,242.77,OUT_OF_STOCK
P0571,Across Product,Books,Adidas,103.41,156.17,IN_STOCK
P0572,Indeed Product,Electronics,Sony,288.47,335.19,OUT_OF_STOCK
P0573,Clearly Product,Sports,Puma,255.05,390.9,LOW_STOCK
P0574,While Product,Home,Apple,143.11,250.01,IN_STOCK
P0575,East Product,Fashion,Adidas,159.3,211.75,IN_STOCK
P0576,None Product,Electronics,Samsung,190.29,236.77,LOW_STOCK
P0577,Firm Product,Home,Sony,14.02,15.88,OUT_OF_STOCK
P0578,Economy Product,Fashion,Samsung,52.82,89.73,IN_STOCK
P0579,Decide Product,Fashion,Apple,17.2,23.41,OUT_OF_STOCK
P0580,Pattern Product,Electronics,Puma,244.8,366.96,LOW_STOCK
P0581,Structure Product,Fashion,Samsung,243.01,347.23,OUT_OF_STOCK
P0582,Deep Product,Home,Samsung,74.0,94.46,IN_STOCK
P0583,Dog Product,Sports,Samsung,23.98,27.09,OUT_OF_STOCK
P0584,Believe Product,Home,Sony,288.39,424.82,LOW_STOCK
P0585,Education Product,Electronics,Apple,62.73,104.35,LOW_STOCK
P0586,Administration Product,Sports,Adidas,283.76,453.2,LOW_STOCK
P0587,Recognize Product,Fashion,Apple,225.17,364.45,IN_STOCK
P0588,Worker Product,Home,Puma,249.23,363.71,IN_STOCK
P0589,Impact Product,Home,Sony,229.43,318.06,OUT_OF_STOCK
P0590,Forget Product,Books,Sony,188.19,298.63,IN_STOCK
P0591,Travel Product,Books,Puma,65.78,95.51,LOW_STOCK
P0592,Past Product,Sports,Samsung,230.21,256.63,LOW_STOCK
P0593,Water Product,Sports,Puma,291.51,496.6,OUT_OF_STOCK
P0594,Total Product,Electronics,Puma,52.79,84.58,IN_STOCK
P0595,Direction Product,Books,Puma,149.26,265.87,IN_STOCK
P0596,Pay Product,Electronics,Sony,230.04,387.46,OUT_OF_STOCK
P0597,White Product,Fashion,Apple,103.04,171.81,LOW_STOCK
P0598,Answer Product,Fashion,Nike,12.85,16.56,OUT_OF_STOCK
P0599,Spring Product,Electronics,Sony,249.04,334.63,OUT_OF_STOCK
P0600,Medical Product,Fashion,Apple,204.23,273.51,IN_STOCK
P0601,Conference Product,Sports,Apple,298.38,418.73,OUT_OF_STOCK
P0602,Major Product,Books,Puma,208.17,253.19,OUT_OF_STOCK
P0603,Who Product,Fashion,Samsung,43.71,56.87,LOW_STOCK
P0604,Number Product,Electronics,Apple,180.95,279.83,OUT_OF_STOCK
P0605,Store Product,Books,Samsung,218.22,264.09,OUT_OF_STOCK
P0606,About Product,Books,Samsung,187.21,298.96,IN_STOCK
P0607,Church Product,Electronics,Puma,56.64,86.18,LOW_STOCK
P0608,Long Product,Electronics,Adidas,136.66,156.51,IN_STOCK
P0609,Interest Product,Home,Apple,50.44,80.97,LOW_STOCK
P0610,Space Product,Electronics,Apple,108.27,137.53,IN_STOCK
P0611,Likely Product,Electronics,Nike,108.99,153.2,LOW_STOCK
P0612,Rise Product,Home,Sony,237.16,346.24,IN_STOCK
P0613,Professional Product,Sports,Sony,102.32,162.96,IN_STOCK
P0614,Seek Product,Fashion,Apple,99.66,114.92,OUT_OF_STOCK
P0615,Glass Product,Sports,Sony,244.68,368.79,LOW_STOCK
P0616,Happen Product,Sports,Apple,139.1,231.29,IN_STOCK
P0617,Between Product,Electronics,Puma,261.39,405.28,LOW_STOCK
P0618,Leave Product,Fashion,Apple,275.95,493.02,IN_STOCK
P0619,Serious Product,Books,Sony,45.82,76.29,OUT_OF_STOCK
P0620,No Product,Books,Apple,166.77,208.96,IN_STOCK
P0621,Least Product,Electronics,Sony,171.26,257.87,OUT_OF_STOCK
P0622,Them Product,Books,Nike,50.49,62.96,OUT_OF_STOCK
P0623,Lawyer Product,Sports,Adidas,218.57,384.23,LOW_STOCK
P0624,Almost Product,Home,Samsung,182.6,320.14,IN_STOCK
P0625,Member Product,Sports,Apple,209.38,274.99,IN_STOCK
P0626,Happy Product,Sports,Apple,31.8,44.12,OUT_OF_STOCK
P0627,Fall Product,Fashion,Puma,161.99,188.34,IN_STOCK
P0628,Significant Product,Electronics,Nike,86.25,103.65,LOW_STOCK
P0629,Whom Product,Books,Puma,135.05,187.99,OUT_OF_STOCK
P0630,And Product,Home,Nike,138.91,222.52,OUT_OF_STOCK
P0631,Open Product,Fashion,Adidas,200.02,349.49,OUT_OF_STOCK
P0632,Politics Product,Home,Apple,28.69,37.4,OUT_OF_STOCK
P0633,Film Product,Books,Nike,18.78,24.81,LOW_STOCK
P0634,Stop Product,Fashion,Samsung,174.65,210.93,IN_STOCK
P0635,Begin Product,Electronics,Adidas,52.54,81.02,OUT_OF_STOCK
P0636,Yes Product,Electronics,Sony,294.06,492.26,OUT_OF_STOCK
P0637,Computer Product,Books,Sony,288.84,457.14,LOW_STOCK
P0638,Organization Product,Sports,Nike,70.46,125.97,OUT_OF_STOCK
P0639,Born Product,Sports,Sony,83.1,141.03,IN_STOCK
P0640,Training Product,Electronics,Puma,138.46,223.05,LOW_STOCK
P0641,Our Product,Electronics,Puma,64.72,106.54,IN_STOCK
P0642,Play Product,Electronics,Puma,288.55,481.74,LOW_STOCK
P0643,Tough Product,Fashion,Apple,160.34,246.18,IN_STOCK
P0644,Single Product,Books,Adidas,277.44,446.1,OUT_OF_STOCK
P0645,Again Product,Books,Adidas,163.21,286.72,LOW_STOCK
P0646,Book Product,Books,Apple,218.21,357.57,LOW_STOCK
P0647,Commercial Product,Fashion,Adidas,274.58,458.53,OUT_OF_STOCK
P0648,Whatever Product,Books,Puma,212.25,269.15,LOW_STOCK
P0649,Off Product,Electronics,Adidas,32.45,47.06,OUT_OF_STOCK
P0650,Nothing Product,Home,Adidas,295.91,425.09,IN_STOCK
P0651,National Product,Books,Adidas,12.76,19.33,IN_STOCK
P0652,Understand Product,Books,Puma,37.42,61.23,OUT_OF_STOCK
P0653,Thank Product,Home,Samsung,273.36,424.19,LOW_STOCK
P0654,Again Product,Fashion,Apple,29.87,49.97,IN_STOCK
P0655,Out Product,Books,Nike,291.27,408.91,LOW_STOCK
P0656,Member Product,Home,Apple,104.71,183.25,LOW_STOCK
P0657,Occur Product,Electronics,Nike,220.02,259.68,LOW_STOCK
P0658,Difficult Product,Home,Puma,55.43,62.78,IN_STOCK
P0659,Education Product,Electronics,Apple,131.7,199.1,OUT_OF_STOCK
P0660,Type Product,Fashion,Samsung,20.55,36.62,OUT_OF_STOCK
P0661,Tell Product,Books,Adidas,139.57,220.6,OUT_OF_STOCK
P0662,Himself Product,Books,Sony,293.86,346.05,LOW_STOCK
P0663,Right Product,Electronics,Puma,180.27,239.79,OUT_OF_STOCK
P0664,Man Product,Sports,Samsung,125.25,146.53,OUT_OF_STOCK
P0665,After Product,Electronics,Samsung,150.49,256.0,IN_STOCK
P0666,Do Product,Books,Sony,165.43,251.37,IN_STOCK
P0667,Alone Product,Sports,Nike,230.51,356.98,OUT_OF_STOCK
P0668,Group Product,Books,Adidas,134.21,208.54,IN_STOCK
P0669,As Product,Fashion,Adidas,208.82,230.81,IN_STOCK
P0670,Despite Product,Electronics,Samsung,79.1,120.88,IN_STOCK
P0671,Dog Product,Electronics,Samsung,132.42,229.19,LOW_STOCK
P0672,Test Product,Books,Nike,86.35,104.61,OUT_OF_STOCK
P0673,Seem Product,Electronics,Apple,181.13,241.67,OUT_OF_STOCK
P0674,Last Product,Sports,Samsung,263.38,293.04,IN_STOCK
P0675,Maybe Product,Electronics,Nike,166.16,294.93,LOW_STOCK
P0676,Election Product,Sports,Samsung,242.7,408.9,IN_STOCK
P0677,Join Product,Home,Sony,152.02,225.03,IN_STOCK
P0678,Eye Product,Home,Sony,72.65,120.9,OUT_OF_STOCK
P0679,Country Product,Books,Puma,50.01,87.72,IN_STOCK
P0680,Manage Product,Books,Sony,156.54,220.73,OUT_OF_STOCK
P0681,Remember Product,Fashion,Nike,189.69,340.08,OUT_OF_STOCK
P0682,Three Product,Fashion,Apple,26.24,30.86,LOW_STOCK
P0683,Chance Product,Fashion,Sony,163.26,198.73,OUT_OF_STOCK
P0684,Paper Product,Sports,Apple,121.11,199.73,OUT_OF_STOCK
P0685,Less Product,Fashion,Puma,84.88,120.87,IN_STOCK
P0686,Once Product,Fashion,Sony,266.28,321.89,IN_STOCK
P0687,Least Product,Books,Samsung,178.95,212.13,OUT_OF_STOCK
P0688,Ahead Product,Books,Nike,12.75,19.23,IN_STOCK
P0689,Act Product,Electronics,Nike,258.19,393.17,LOW_STOCK
P0690,Maintain Product,Sports,Adidas,105.13,142.18,OUT_OF_STOCK
P0691,Success Product,Fashion,Adidas,292.22,350.76,OUT_OF_STOCK
P0692,Treatment Product,Home,Apple,111.63,190.36,LOW_STOCK
P0693,Develop Product,Fashion,Puma,277.61,373.73,LOW_STOCK
P0694,Data Product,Electronics,Puma,183.54,306.27,IN_STOCK
P0695,Board Product,Books,Sony,95.76,106.45,OUT_OF_STOCK
P0696,Central Product,Home,Samsung,136.07,222.89,OUT_OF_STOCK
P0697,Nothing Product,Home,Adidas,227.83,365.48,LOW_STOCK
P0698,Practice Product,Sports,Apple,281.75,347.52,LOW_STOCK
P0699,Step Product,Fashion,Sony,160.63,233.21,LOW_STOCK
P0700,Deep Product,Electronics,Nike,61.84,78.18,IN_STOCK
P0701,Modern Product,Books,Apple,226.92,343.63,OUT_OF_STOCK
P0702,Win Product,Books,Apple,239.32,353.19,IN_STOCK
P0703,Big Product,Electronics,Apple,248.94,371.17,OUT_OF_STOCK
P0704,Help Product,Home,Puma,220.83,267.98,OUT_OF_STOCK
P0705,Sure Product,Electronics,Adidas,288.95,451.93,OUT_OF_STOCK
P0706,Win Product,Electronics,Samsung,259.27,360.36,IN_STOCK
P0707,Prove Product,Home,Apple,126.34,157.4,OUT_OF_STOCK
P0708,Fish Product,Home,Adidas,214.39,324.03,LOW_STOCK
P0709,Though Product,Books,Nike,211.53,367.27,IN_STOCK
P0710,Involve Product,Home,Adidas,253.99,435.69,OUT_OF_STOCK
P0711,Budget Product,Sports,Puma,38.03,50.88,IN_STOCK
P0712,Report Product,Books,Apple,171.32,242.83,LOW_STOCK
P0713,Seem Product,Home,Nike,190.87,271.4,LOW_STOCK
P0714,Recently Product,Books,Sony,24.74,42.73,IN_STOCK
P0715,Three Product,Fashion,Nike,75.6,97.38,IN_STOCK
P0716,Tend Product,Electronics,Apple,223.0,320.6,LOW_STOCK
P0717,Quality Product,Fashion,Apple,59.37,78.52,OUT_OF_STOCK
P0718,Majority Product,Fashion,Nike,73.41,101.29,LOW_STOCK
P0719,Experience Product,Books,Puma,163.29,235.68,LOW_STOCK
P0720,Popular Product,Home,Sony,30.56,42.57,OUT_OF_STOCK
P0721,Alone Product,Electronics,Puma,196.6,303.28,OUT_OF_STOCK
P0722,Bit Product,Sports,Apple,186.59,311.48,IN_STOCK
P0723,Minute Product,Sports,Adidas,251.48,422.81,OUT_OF_STOCK
P0724,Will Product,Sports,Nike,93.72,129.98,LOW_STOCK
P0725,Author Product,Home,Adidas,116.36,157.65,LOW_STOCK
P0726,True Product,Sports,Sony,129.75,184.39,LOW_STOCK
P0727,Ball Product,Electronics,Puma,278.37,384.27,IN_STOCK
P0728,Check Product,Fashion,Samsung,63.3,83.7,OUT_OF_STOCK
P0729,Reality Product,Home,Samsung,72.33,104.99,OUT_OF_STOCK
P0730,Voice Product,Sports,Apple,207.8,269.72,IN_STOCK
P0731,Marriage Product,Fashion,Nike,232.66,360.87,OUT_OF_STOCK
P0732,Kind Product,Electronics,Puma,92.91,102.87,OUT_OF_STOCK
P0733,Box Product,Electronics,Apple,21.09,36.6,LOW_STOCK
P0734,Guy Product,Sports,Apple,154.76,270.83,IN_STOCK
P0735,Manage Product,Electronics,Sony,17.63,28.47,OUT_OF_STOCK
P0736,Quite Product,Sports,Puma,86.08,119.45,IN_STOCK
P0737,North Product,Fashion,Adidas,56.96,101.99,OUT_OF_STOCK
P0738,Garden Product,Books,Apple,214.05,308.25,IN_STOCK
P0739,Significant Product,Electronics,Nike,25.57,36.05,LOW_STOCK
P0740,Election Product,Books,Samsung,272.93,338.79,OUT_OF_STOCK
P0741,Plan Product,Electronics,Adidas,255.45,456.69,OUT_OF_STOCK
P0742,Task Product,Books,Adidas,247.26,360.83,OUT_OF_STOCK
P0743,College Product,Electronics,Apple,199.2,270.98,LOW_STOCK
P0744,Field Product,Books,Nike,278.49,423.35,LOW_STOCK
P0745,Water Product,Books,Apple,298.94,478.8,IN_STOCK
P0746,Value Product,Home,Apple,83.67,92.75,OUT_OF_STOCK
P0747,Anything Product,Books,Apple,157.06,243.43,IN_STOCK
P0748,Activity Product,Electronics,Nike,264.74,306.61,LOW_STOCK
P0749,Occur Product,Books,Nike,108.41,151.43,IN_STOCK
P0750,Billion Product,Books,Sony,271.64,399.53,IN_STOCK
P0751,Rich Product,Books,Puma,66.81,82.73,IN_STOCK
P0752,Radio Product,Books,Adidas,175.26,221.61,IN_STOCK
P0753,Mother Product,Books,Adidas,281.43,404.81,IN_STOCK
P0754,Thank Product,Sports,Apple,193.01,326.68,OUT_OF_STOCK
P0755,Also Product,Books,Adidas,21.29,37.09,LOW_STOCK
P0756,Cover Product,Electronics,Sony,235.14,292.95,IN_STOCK
P0757,Professor Product,Home,Sony,20.74,35.07,LOW_STOCK
P0758,Too Product,Books,Sony,191.62,283.37,OUT_OF_STOCK
P0759,Decide Product,Fashion,Samsung,265.16,387.0,LOW_STOCK
P0760,Financial Product,Home,Adidas,94.57,125.62,IN_STOCK
P0761,Which Product,Fashion,Sony,164.48,227.89,IN_STOCK
P0762,Often Product,Home,Puma,155.62,276.17,LOW_STOCK
P0763,Message Product,Fashion,Samsung,171.69,270.9,LOW_STOCK
P0764,Certainly Product,Home,Nike,36.83,64.94,OUT_OF_STOCK
P0765,Amount Product,Home,Adidas,254.1,411.39,LOW_STOCK
P0766,Guy Product,Books,Nike,246.4,376.6,LOW_STOCK
P0767,Feeling Product,Sports,Puma,153.7,230.3,LOW_STOCK
P0768,Plant Product,Books,Apple,163.7,265.73,LOW_STOCK
P0769,Part Product,Home,Adidas,154.0,226.44,OUT_OF_STOCK
P0770,Provide Product,Sports,Samsung,27.3,32.97,OUT_OF_STOCK
P0771,Particular Product,Fashion,Puma,180.15,306.26,LOW_STOCK
P0772,Cut Product,Sports,Apple,265.31,376.23,OUT_OF_STOCK
P0773,Five Product,Books,Samsung,290.39,406.36,LOW_STOCK
P0774,Pass Product,Fashion,Puma,40.86,65.98,IN_STOCK
P0775,Task Product,Fashion,Sony,204.05,313.46,IN_STOCK
P0776,In Product,Sports,Samsung,238.65,333.66,IN_STOCK
P0777,Soldier Product,Sports,Nike,266.74,348.69,IN_STOCK
P0778,Computer Product,Sports,Sony,16.47,28.08,OUT_OF_STOCK
P0779,Class Product,Home,Sony,67.94,116.88,IN_STOCK
P0780,Four Product,Sports,Sony,293.62,372.41,LOW_STOCK
P0781,Drug Product,Fashion,Apple,83.32,134.68,OUT_OF_STOCK
P0782,To Product,Sports,Apple,41.19,60.69,OUT_OF_STOCK
P0783,Thing Product,Home,Samsung,155.69,220.42,OUT_OF_STOCK
P0784,Close Product,Books,Puma,230.28,331.56,LOW_STOCK
P0785,Help Product,Sports,Adidas,61.29,109.53,OUT_OF_STOCK
P0786,Mission Product,Electronics,Nike,130.57,181.96,IN_STOCK
P0787,Arm Product,Books,Samsung,289.71,349.29,OUT_OF_STOCK
P0788,Term Product,Home,Nike,126.11,183.3,LOW_STOCK
P0789,Mission Product,Sports,Puma,111.78,196.76,LOW_STOCK
P0790,Parent Product,Books,Samsung,73.44,111.57,IN_STOCK
P0791,Machine Product,Sports,Samsung,15.91,27.5,LOW_STOCK
P0792,Activity Product,Books,Apple,213.43,274.09,IN_STOCK
P0793,Brother Product,Fashion,Sony,253.54,372.75,LOW_STOCK
P0794,Southern Product,Electronics,Puma,76.49,107.66,OUT_OF_STOCK
P0795,Different Product,Electronics,Nike,95.61,124.22,LOW_STOCK
P0796,Instead Product,Sports,Samsung,88.37,157.49,IN_STOCK
P0797,Get Product,Books,Samsung,271.58,476.32,IN_STOCK
P0798,Commercial Product,Books,Nike,239.0,315.21,IN_STOCK
P0799,Economy Product,Electronics,Samsung,129.1,185.28,IN_STOCK
P0800,Join Product,Home,Puma,145.48,256.46,LOW_STOCK
P0801,Suddenly Product,Electronics,Apple,201.42,296.55,OUT_OF_STOCK
P0802,Drug Product,Fashion,Samsung,38.89,56.17,IN_STOCK
P0803,Teacher Product,Home,Apple,87.93,128.09,IN_STOCK
P0804,Collection Product,Sports,Samsung,76.48,123.71,LOW_STOCK
P0805,Citizen Product,Fashion,Samsung,221.47,378.76,OUT_OF_STOCK
P0806,Culture Product,Electronics,Adidas,66.64,75.95,OUT_OF_STOCK
P0807,According Product,Home,Nike,224.98,321.97,OUT_OF_STOCK
P0808,Appear Product,Fashion,Puma,73.21,92.52,LOW_STOCK
P0809,Church Product,Sports,Samsung,165.54,221.26,OUT_OF_STOCK
P0810,President Product,Home,Nike,175.21,301.61,OUT_OF_STOCK
P0811,Like Product,Books,Adidas,78.6,113.55,LOW_STOCK
P0812,I Product,Sports,Apple,200.74,311.88,IN_STOCK
P0813,Hold Product,Fashion,Samsung,286.95,448.06,LOW_STOCK
P0814,Medical Product,Books,Apple,231.23,380.11,LOW_STOCK
P0815,Four Product,Books,Sony,155.26,217.41,OUT_OF_STOCK
P0816,Industry Product,Electronics,Samsung,146.85,203.61,IN_STOCK
P0817,Inside Product,Sports,Puma,137.92,198.58,LOW_STOCK
P0818,Case Product,Home,Samsung,26.8,36.79,IN_STOCK
P0819,Without Product,Home,Puma,182.93,207.08,OUT_OF_STOCK
P0820,Attention Product,Home,Samsung,227.48,307.23,OUT_OF_STOCK
P0821,Common Product,Books,Apple,86.31,108.54,LOW_STOCK
P0822,Air Product,Home,Samsung,33.15,55.58,IN_STOCK
P0823,Politics Product,Fashion,Nike,201.02,305.68,LOW_STOCK
P0824,Television Product,Sports,Samsung,275.56,483.67,LOW_STOCK
P0825,Size Product,Books,Samsung,194.05,258.78,IN_STOCK
P0826,Yourself Product,Electronics,Puma,187.2,225.83,IN_STOCK
P0827,Traditional Product,Books,Adidas,273.35,379.72,OUT_OF_STOCK
P0828,Security Product,Sports,Apple,268.82,322.95,LOW_STOCK
P0829,Poor Product,Books,Adidas,199.79,241.46,IN_STOCK
P0830,Employee Product,Fashion,Apple,250.3,383.87,OUT_OF_STOCK
P0831,You Product,Home,Apple,153.77,222.25,IN_STOCK
P0832,Administration Product,Sports,Puma,135.29,197.37,IN_STOCK
P0833,Exist Product,Fashion,Apple,159.59,180.3,IN_STOCK
P0834,Interview Product,Sports,Nike,99.82,123.85,LOW_STOCK
P0835,Light Product,Books,Nike,132.93,181.37,OUT_OF_STOCK
P0836,Job Product,Fashion,Apple,177.71,246.49,LOW_STOCK
P0837,Light Product,Electronics,Apple,71.74,108.86,IN_STOCK
P0838,Guy Product,Home,Nike,275.46,482.49,IN_STOCK
P0839,She Product,Books,Puma,173.63,298.95,LOW_STOCK
P0840,Particular Product,Sports,Samsung,191.83,280.34,OUT_OF_STOCK
P0841,Body Product,Books,Apple,65.95,80.74,OUT_OF_STOCK
P0842,Modern Product,Home,Puma,271.78,358.3,LOW_STOCK
P0843,Explain Product,Home,Puma,155.8,260.76,LOW_STOCK
P0844,Real Product,Home,Adidas,193.83,317.94,IN_STOCK
P0845,Production Product,Fashion,Adidas,158.58,221.55,OUT_OF_STOCK
P0846,Add Product,Books,Adidas,151.27,249.71,OUT_OF_STOCK
P0847,Couple Product,Electronics,Sony,144.05,207.97,LOW_STOCK
P0848,Product Product,Books,Sony,186.5,302.26,LOW_STOCK
P0849,Out Product,Electronics,Samsung,102.66,131.34,LOW_STOCK
P0850,Coach Product,Electronics,Sony,102.89,140.4,IN_STOCK
P0851,Much Product,Home,Sony,121.09,186.7,OUT_OF_STOCK
P0852,Church Product,Fashion,Samsung,287.55,416.04,LOW_STOCK
P0853,Think Product,Sports,Puma,163.88,269.01,IN_STOCK
P0854,Member Product,Electronics,Samsung,200.58,226.01,IN_STOCK
P0855,Note Product,Sports,Adidas,46.56,82.26,LOW_STOCK
P0856,Stay Product,Home,Nike,222.79,299.36,IN_STOCK
P0857,Ball Product,Books,Apple,211.17,320.6,OUT_OF_STOCK
P0858,Begin Product,Home,Samsung,26.85,35.0,IN_STOCK
P0859,Under Product,Home,Nike,259.87,439.69,LOW_STOCK
P0860,Thought Product,Sports,Apple,283.56,382.15,IN_STOCK
P0861,Western Product,Fashion,Samsung,72.16,111.55,OUT_OF_STOCK
P0862,Property Product,Home,Apple,152.95,203.4,LOW_STOCK
P0863,Under Product,Electronics,Samsung,28.83,46.86,IN_STOCK
P0864,Later Product,Books,Sony,285.6,474.14,LOW_STOCK
P0865,Civil Product,Fashion,Adidas,73.56,120.46,IN_STOCK
P0866,Ball Product,Books,Samsung,97.35,114.77,IN_STOCK
P0867,Career Product,Electronics,Samsung,142.77,191.28,LOW_STOCK
P0868,Green Product,Electronics,Puma,103.21,162.29,LOW_STOCK
P0869,Too Product,Sports,Nike,114.19,139.74,LOW_STOCK
P0870,Spend Product,Electronics,Sony,144.34,251.41,LOW_STOCK
P0871,Myself Product,Electronics,Puma,138.96,211.15,LOW_STOCK
P0872,Organization Product,Home,Sony,244.94,407.91,IN_STOCK
P0873,Fall Product,Fashion,Adidas,137.24,243.68,IN_STOCK
P0874,Option Product,Books,Nike,91.78,155.84,IN_STOCK
P0875,Democratic Product,Books,Sony,132.08,184.8,LOW_STOCK
P0876,Seem Product,Electronics,Samsung,284.78,482.44,OUT_OF_STOCK
P0877,Hair Product,Home,Adidas,181.98,215.98,LOW_STOCK
P0878,Point Product,Electronics,Sony,151.02,222.37,LOW_STOCK
P0879,Walk Product,Sports,Sony,35.02,42.39,OUT_OF_STOCK
P0880,Kind Product,Books,Puma,27.72,43.82,OUT_OF_STOCK
P0881,Buy Product,Electronics,Samsung,197.24,343.3,IN_STOCK
P0882,Writer Product,Sports,Nike,253.43,418.64,IN_STOCK
P0883,Ok Product,Books,Adidas,104.66,151.34,OUT_OF_STOCK
P0884,There Product,Sports,Samsung,225.04,363.38,LOW_STOCK
P0885,Experience Product,Books,Sony,254.47,373.33,IN_STOCK
P0886,There Product,Fashion,Sony,199.96,237.84,OUT_OF_STOCK
P0887,Perhaps Product,Home,Puma,80.9,132.87,LOW_STOCK
P0888,Project Product,Books,Adidas,130.28,207.71,OUT_OF_STOCK
P0889,Book Product,Sports,Puma,152.75,182.18,IN_STOCK
P0890,He Product,Sports,Samsung,212.47,278.34,LOW_STOCK
P0891,Suddenly Product,Books,Samsung,229.66,349.06,OUT_OF_STOCK
P0892,Identify Product,Electronics,Sony,275.81,469.8,IN_STOCK
P0893,Consider Product,Electronics,Puma,95.12,131.41,IN_STOCK
P0894,Require Product,Home,Sony,234.23,260.14,OUT_OF_STOCK
P0895,Friend Product,Sports,Sony,118.1,176.31,OUT_OF_STOCK
P0896,Action Product,Books,Adidas,200.41,332.57,LOW_STOCK
P0897,Song Product,Fashion,Adidas,25.71,45.74,LOW_STOCK
P0898,Science Product,Home,Adidas,248.0,330.19,LOW_STOCK
P0899,Note Product,Sports,Puma,62.01,91.12,LOW_STOCK
P0900,Speech Product,Books,Apple,179.11,227.96,LOW_STOCK
P0901,Reveal Product,Home,Puma,282.1,487.98,LOW_STOCK
P0902,Student Product,Home,Samsung,285.89,445.73,IN_STOCK
P0903,Production Product,Books,Sony,80.24,139.97,LOW_STOCK
P0904,Must Product,Home,Samsung,88.69,134.52,OUT_OF_STOCK
P0905,Language Product,Home,Puma,279.88,313.99,LOW_STOCK
P0906,Then Product,Electronics,Puma,66.38,87.77,LOW_STOCK
P0907,Later Product,Electronics,Nike,282.49,436.05,IN_STOCK
P0908,Figure Product,Electronics,Puma,257.89,396.26,OUT_OF_STOCK
P0909,Because Product,Sports,Puma,72.02,116.06,IN_STOCK
P0910,Ever Product,Fashion,Nike,288.56,362.36,LOW_STOCK
P0911,Standard Product,Sports,Adidas,212.55,312.97,IN_STOCK
P0912,Need Product,Sports,Apple,261.16,395.76,LOW_STOCK
P0913,Low Product,Books,Samsung,138.84,191.04,LOW_STOCK
P0914,Fast Product,Home,Sony,148.78,196.04,LOW_STOCK
P0915,Answer Product,Electronics,Nike,171.71,299.99,LOW_STOCK
P0916,Trial Product,Electronics,Adidas,129.76,164.09,IN_STOCK
P0917,Worry Product,Fashion,Nike,42.83,66.54,LOW_STOCK
P0918,Everything Product,Fashion,Apple,269.44,454.75,IN_STOCK
P0919,Send Product,Electronics,Adidas,114.17,172.75,OUT_OF_STOCK
P0920,Whole Product,Books,Adidas,52.66,63.67,OUT_OF_STOCK
P0921,Family Product,Sports,Sony,23.42,30.77,OUT_OF_STOCK
P0922,East Product,Sports,Adidas,273.09,383.13,IN_STOCK
P0923,Only Product,Sports,Sony,135.96,180.77,IN_STOCK
P0924,Public Product,Books,Adidas,105.94,122.24,LOW_STOCK
P0925,Outside Product,Fashion,Apple,294.91,415.88,IN_STOCK
P0926,Individual Product,Sports,Adidas,135.77,187.96,IN_STOCK
P0927,Prepare Product,Home,Nike,74.08,86.3,IN_STOCK
P0928,Hand Product,Home,Sony,53.12,59.61,OUT_OF_STOCK
P0929,Who Product,Electronics,Apple,147.48,184.96,IN_STOCK
P0930,Drop Product,Electronics,Adidas,260.84,291.06,OUT_OF_STOCK
P0931,Page Product,Electronics,Puma,255.97,447.19,OUT_OF_STOCK
P0932,Class Product,Home,Puma,98.19,109.78,OUT_OF_STOCK
P0933,Politics Product,Fashion,Puma,262.57,407.27,IN_STOCK
P0934,Best Product,Home,Puma,196.55,285.44,IN_STOCK
P0935,Something Product,Electronics,Nike,89.64,128.6,IN_STOCK
P0936,Away Product,Electronics,Apple,23.53,34.9,LOW_STOCK
P0937,Various Product,Home,Apple,202.67,337.89,OUT_OF_STOCK
P0938,Speak Product,Home,Samsung,242.2,368.27,IN_STOCK
P0939,Argue Product,Books,Adidas,118.11,143.71,LOW_STOCK
P0940,Large Product,Sports,Nike,177.32,238.39,OUT_OF_STOCK
P0941,Of Product,Electronics,Apple,15.17,19.56,OUT_OF_STOCK
P0942,Research Product,Home,Sony,125.52,219.73,LOW_STOCK
P0943,Box Product,Sports,Nike,68.36,92.35,OUT_OF_STOCK
P0944,Light Product,Home,Nike,64.8,105.57,OUT_OF_STOCK
P0945,Certain Product,Electronics,Puma,174.44,219.37,OUT_OF_STOCK
P0946,Coach Product,Electronics,Samsung,242.46,354.57,OUT_OF_STOCK
P0947,Let Product,Books,Puma,258.25,299.4,LOW_STOCK
P0948,Night Product,Fashion,Apple,100.23,132.85,LOW_STOCK
P0949,Sense Product,Electronics,Adidas,152.29,221.53,IN_STOCK
P0950,Son Product,Books,Apple,27.03,30.13,LOW_STOCK
P0951,Anyone Product,Electronics,Samsung,110.88,178.48,IN_STOCK
P0952,Themselves Product,Fashion,Nike,181.88,256.52,OUT_OF_STOCK
P0953,Forget Product,Electronics,Adidas,15.97,27.93,OUT_OF_STOCK
P0954,Decade Product,Electronics,Samsung,218.43,339.89,OUT_OF_STOCK
P0955,Society Product,Home,Sony,94.31,115.14,OUT_OF_STOCK
P0956,Resource Product,Books,Adidas,11.45,15.42,LOW_STOCK
P0957,Pressure Product,Electronics,Samsung,159.17,218.44,OUT_OF_STOCK
P0958,Class Product,Home,Samsung,101.1,152.59,LOW_STOCK
P0959,Move Product,Books,Apple,296.47,328.03,OUT_OF_STOCK
P0960,Eat Product,Home,Nike,172.23,237.63,IN_STOCK
P0961,Moment Product,Fashion,Adidas,33.92,48.58,OUT_OF_STOCK
P0962,This Product,Sports,Nike,185.86,237.28,OUT_OF_STOCK
P0963,Many Product,Home,Apple,258.1,286.19,LOW_STOCK
P0964,Trip Product,Home,Nike,252.28,425.18,LOW_STOCK
P0965,Study Product,Sports,Nike,132.02,226.9,LOW_STOCK
P0966,Often Product,Books,Adidas,211.55,347.78,IN_STOCK
P0967,Kind Product,Sports,Samsung,189.33,236.89,OUT_OF_STOCK
P0968,Cause Product,Electronics,Apple,256.6,439.21,OUT_OF_STOCK
P0969,Per Product,Electronics,Samsung,129.96,208.2,IN_STOCK
P0970,Method Product,Books,Sony,296.98,520.89,LOW_STOCK
P0971,Method Product,Fashion,Apple,222.39,304.95,IN_STOCK
P0972,Walk Product,Home,Puma,133.93,240.89,IN_STOCK
P0973,Adult Product,Books,Nike,196.52,289.25,OUT_OF_STOCK
P0974,Rate Product,Electronics,Nike,189.06,311.64,LOW_STOCK
P0975,Daughter Product,Fashion,Puma,106.48,155.27,OUT_OF_STOCK
P0976,Large Product,Books,Adidas,65.01,111.94,IN_STOCK
P0977,Protect Product,Sports,Sony,46.4,64.3,OUT_OF_STOCK
P0978,Front Product,Fashion,Nike,176.12,233.54,IN_STOCK
P0979,Explain Product,Books,Adidas,210.89,337.59,LOW_STOCK
P0980,Teach Product,Fashion,Puma,261.79,330.18,LOW_STOCK
P0981,Read Product,Books,Sony,226.42,310.04,IN_STOCK
P0982,Mouth Product,Fashion,Samsung,27.86,40.6,IN_STOCK
P0983,Ask Product,Home,Sony,189.51,326.29,IN_STOCK
P0984,Whose Product,Books,Sony,232.79,338.74,OUT_OF_STOCK
P0985,Sign Product,Fashion,Sony,95.1,146.42,OUT_OF_STOCK
P0986,Clearly Product,Home,Sony,135.99,211.71,LOW_STOCK
P0987,Charge Product,Sports,Nike,56.56,87.0,IN_STOCK
P0988,Down Product,Home,Nike,231.59,386.75,LOW_STOCK
P0989,Key Product,Fashion,Adidas,202.01,260.41,IN_STOCK
P0990,Author Product,Fashion,Sony,261.4,329.75,IN_STOCK
P0991,Reduce Product,Sports,Sony,23.44,28.35,IN_STOCK
P0992,But Product,Fashion,Samsung,276.74,398.02,IN_STOCK
P0993,Box Product,Sports,Apple,244.0,321.25,IN_STOCK
P0994,Want Product,Electronics,Puma,136.38,173.96,IN_STOCK
P0995,How Product,Electronics,Samsung,290.99,379.59,OUT_OF_STOCK
P0996,Front Product,Sports,Nike,216.61,331.84,LOW_STOCK
P0997,Nor Product,Books,Apple,62.73,111.47,OUT_OF_STOCK
P0998,Our Product,Home,Apple,221.38,323.78,OUT_OF_STOCK
P0999,Congress Product,Electronics,Puma,247.98,428.73,LOW_STOCK
P1000,Mind Product,Electronics,Sony,237.12,300.03,OUT_OF_STOCK
P1001,Form Product,Sports,Sony,69.15,93.35,LOW_STOCK
P1002,Light Product,Sports,Nike,247.54,357.63,OUT_OF_STOCK
P1003,Last Product,Home,Samsung,168.17,276.89,LOW_STOCK
P1004,Forward Product,Books,Adidas,17.14,21.07,IN_STOCK
P1005,Practice Product,Sports,Apple,24.02,26.62,LOW_STOCK
P1006,Scene Product,Fashion,Adidas,114.08,158.08,LOW_STOCK
P1007,Likely Product,Sports,Nike,63.86,101.47,OUT_OF_STOCK
P1008,Worry Product,Books,Adidas,66.01,93.22,IN_STOCK
P1009,Game Product,Sports,Apple,81.3,120.71,IN_STOCK
P1010,Low Product,Home,Puma,105.14,182.08,LOW_STOCK
P1011,Consider Product,Electronics,Nike,84.55,96.89,LOW_STOCK
P1012,Walk Product,Electronics,Nike,199.18,288.39,IN_STOCK
P1013,Memory Product,Books,Puma,251.45,356.61,OUT_OF_STOCK
P1014,Decide Product,Home,Puma,295.01,356.0,LOW_STOCK
P1015,Stand Product,Home,Apple,281.54,463.17,LOW_STOCK
P1016,Community Product,Fashion,Puma,185.07,326.79,IN_STOCK
P1017,Strong Product,Sports,Nike,89.28,129.75,IN_STOCK
P1018,Product Product,Books,Sony,250.22,331.34,LOW_STOCK
P1019,Officer Product,Sports,Puma,271.46,446.31,OUT_OF_STOCK
P1020,Republican Product,Sports,Apple,138.5,207.94,IN_STOCK
P1021,Yourself Product,Electronics,Sony,236.44,403.67,IN_STOCK
P1022,Industry Product,Fashion,Adidas,73.4,84.41,LOW_STOCK
P1023,Open Product,Home,Adidas,289.74,353.77,OUT_OF_STOCK
P1024,Material Product,Fashion,Puma,217.28,275.88,IN_STOCK
P1025,Catch Product,Sports,Samsung,267.19,471.69,OUT_OF_STOCK
P1026,Line Product,Books,Samsung,229.61,353.21,IN_STOCK
P1027,View Product,Electronics,Samsung,47.0,70.24,OUT_OF_STOCK
P1028,Item Product,Books,Nike,200.5,344.88,LOW_STOCK
P1029,Natural Product,Sports,Puma,55.08,98.85,OUT_OF_STOCK
P1030,Teach Product,Sports,Nike,254.27,434.94,IN_STOCK
P1031,Shoulder Product,Sports,Nike,80.83,109.14,OUT_OF_STOCK
P1032,Religious Product,Books,Apple,286.66,447.57,LOW_STOCK
P1033,Than Product,Home,Nike,169.92,213.55,OUT_OF_STOCK
P1034,Mr Product,Books,Sony,32.31,40.98,OUT_OF_STOCK
P1035,Southern Product,Fashion,Puma,39.03,51.12,OUT_OF_STOCK
P1036,Success Product,Sports,Samsung,210.35,345.79,LOW_STOCK
P1037,Floor Product,Sports,Nike,167.86,209.14,LOW_STOCK
P1038,Debate Product,Home,Nike,131.3,227.15,IN_STOCK
P1039,Wrong Product,Sports,Nike,217.22,330.59,LOW_STOCK
P1040,Idea Product,Electronics,Adidas,186.72,295.59,IN_STOCK
P1041,On Product,Fashion,Apple,243.28,295.84,OUT_OF_STOCK
P1042,Throughout Product,Electronics,Sony,268.4,354.81,IN_STOCK
P1043,Appear Product,Electronics,Samsung,20.42,28.57,LOW_STOCK
P1044,Right Product,Electronics,Samsung,82.8,123.07,OUT_OF_STOCK
P1045,Live Product,Books,Apple,247.43,308.58,LOW_STOCK
P1046,Different Product,Electronics,Adidas,221.29,367.01,IN_STOCK
P1047,Certainly Product,Home,Apple,115.88,196.24,LOW_STOCK
P1048,Along Product,Sports,Apple,159.15,196.68,LOW_STOCK
P1049,Ever Product,Books,Apple,41.96,61.72,IN_STOCK
P1050,Reveal Product,Sports,Apple,113.52,157.38,LOW_STOCK
P1051,Say Product,Sports,Apple,178.31,268.86,OUT_OF_STOCK
P1052,List Product,Sports,Nike,54.33,94.33,OUT_OF_STOCK
P1053,Politics Product,Home,Adidas,59.07,71.91,OUT_OF_STOCK
P1054,Goal Product,Books,Puma,22.29,24.89,LOW_STOCK
P1055,Large Product,Books,Nike,268.52,305.77,IN_STOCK
P1056,Ability Product,Sports,Adidas,42.77,66.76,LOW_STOCK
P1057,Interest Product,Home,Apple,169.85,271.69,OUT_OF_STOCK
P1058,Experience Product,Books,Sony,243.45,402.82,LOW_STOCK
P1059,Mean Product,Fashion,Apple,274.07,437.74,IN_STOCK
P1060,Six Product,Books,Nike,206.78,258.32,IN_STOCK
P1061,Smile Product,Sports,Apple,246.4,410.51,LOW_STOCK
P1062,Leave Product,Home,Puma,68.35,101.1,OUT_OF_STOCK
P1063,Next Product,Books,Apple,208.82,254.51,IN_STOCK
P1064,For Product,Sports,Nike,87.98,150.17,LOW_STOCK
P1065,Little Product,Sports,Puma,29.0,36.42,LOW_STOCK
P1066,Herself Product,Fashion,Adidas,98.77,168.32,LOW_STOCK
P1067,Almost Product,Books,Adidas,188.24,281.33,OUT_OF_STOCK
P1068,Kid Product,Sports,Puma,275.02,384.56,LOW_STOCK
P1069,Window Product,Electronics,Apple,59.07,80.99,OUT_OF_STOCK
P1070,Travel Product,Fashion,Samsung,187.49,255.33,LOW_STOCK
P1071,Television Product,Books,Puma,275.83,309.92,IN_STOCK
P1072,Mean Product,Sports,Apple,148.78,196.93,OUT_OF_STOCK
P1073,War Product,Home,Sony,226.91,284.18,OUT_OF_STOCK
P1074,Maintain Product,Books,Sony,279.11,403.0,LOW_STOCK
P1075,Individual Product,Fashion,Nike,101.37,153.96,IN_STOCK
P1076,I Product,Electronics,Samsung,141.21,197.2,OUT_OF_STOCK
P1077,As Product,Books,Nike,223.86,251.74,LOW_STOCK
P1078,Capital Product,Fashion,Nike,148.11,228.84,LOW_STOCK
P1079,Increase Product,Sports,Samsung,100.22,138.34,OUT_OF_STOCK
P1080,Sure Product,Sports,Puma,174.82,243.42,LOW_STOCK
P1081,Identify Product,Electronics,Puma,145.79,189.61,OUT_OF_STOCK
P1082,Race Product,Home,Apple,284.35,364.08,OUT_OF_STOCK
P1083,Wide Product,Sports,Puma,141.49,253.11,OUT_OF_STOCK
P1084,Step Product,Books,Adidas,178.02,250.22,OUT_OF_STOCK
P1085,Community Product,Books,Puma,192.72,258.88,IN_STOCK
P1086,Station Product,Sports,Sony,135.13,198.0,IN_STOCK
P1087,Seem Product,Fashion,Puma,242.79,271.17,LOW_STOCK
P1088,We Product,Books,Sony,254.39,379.7,OUT_OF_STOCK
P1089,Church Product,Electronics,Sony,27.22,47.56,OUT_OF_STOCK
P1090,Class Product,Books,Nike,249.27,321.93,LOW_STOCK
P1091,Activity Product,Home,Adidas,41.47,72.52,OUT_OF_STOCK
P1092,Power Product,Home,Samsung,73.39,93.38,OUT_OF_STOCK
P1093,Instead Product,Sports,Puma,237.58,318.62,LOW_STOCK
P1094,Small Product,Electronics,Sony,167.21,184.24,LOW_STOCK
P1095,Budget Product,Sports,Apple,298.32,341.9,LOW_STOCK
P1096,Security Product,Books,Sony,295.26,381.19,OUT_OF_STOCK
P1097,Indeed Product,Electronics,Puma,286.67,318.15,OUT_OF_STOCK
P1098,Power Product,Books,Samsung,244.16,402.19,LOW_STOCK
P1099,Near Product,Home,Sony,232.68,262.58,IN_STOCK
P1100,Recent Product,Fashion,Sony,281.4,372.15,IN_STOCK
P1101,Man Product,Books,Adidas,112.71,139.89,IN_STOCK
P1102,Process Product,Home,Adidas,248.82,395.17,LOW_STOCK
P1103,American Product,Books,Adidas,28.26,34.45,OUT_OF_STOCK
P1104,Like Product,Sports,Nike,23.86,31.73,LOW_STOCK
P1105,Foreign Product,Sports,Puma,139.66,195.29,OUT_OF_STOCK
P1106,How Product,Books,Adidas,211.67,346.97,IN_STOCK
P1107,Voice Product,Fashion,Nike,163.3,231.55,OUT_OF_STOCK
P1108,Parent Product,Sports,Sony,84.52,113.63,IN_STOCK
P1109,Admit Product,Electronics,Samsung,187.55,223.51,OUT_OF_STOCK
P1110,Girl Product,Home,Sony,216.29,363.48,OUT_OF_STOCK
P1111,Make Product,Sports,Nike,106.84,167.16,OUT_OF_STOCK
P1112,Teach Product,Sports,Nike,296.52,527.94,OUT_OF_STOCK
P1113,Of Product,Sports,Apple,90.54,114.74,LOW_STOCK
P1114,Response Product,Home,Puma,284.85,452.7,IN_STOCK
P1115,Most Product,Sports,Puma,237.24,360.55,LOW_STOCK
P1116,Without Product,Books,Sony,54.6,95.87,LOW_STOCK
P1117,Raise Product,Books,Puma,231.7,277.11,OUT_OF_STOCK
P1118,Into Product,Fashion,Nike,29.69,49.39,IN_STOCK
P1119,Recent Product,Home,Apple,144.93,182.32,IN_STOCK
P1120,Always Product,Sports,Nike,60.55,82.68,LOW_STOCK
P1121,Least Product,Sports,Nike,85.23,142.74,OUT_OF_STOCK
P1122,Writer Product,Home,Apple,266.04,348.07,OUT_OF_STOCK
P1123,Class Product,Home,Nike,258.26,326.83,LOW_STOCK
P1124,Light Product,Fashion,Nike,23.57,27.77,LOW_STOCK
P1125,Rule Product,Fashion,Samsung,273.4,426.14,LOW_STOCK
P1126,Draw Product,Fashion,Sony,208.79,336.87,LOW_STOCK
P1127,Relate Product,Fashion,Sony,278.5,381.17,LOW_STOCK
P1128,Cause Product,Sports,Puma,135.99,214.06,IN_STOCK
P1129,Recognize Product,Books,Apple,57.17,95.89,OUT_OF_STOCK
P1130,Short Product,Home,Apple,197.78,315.75,IN_STOCK
P1131,Picture Product,Sports,Apple,51.78,89.18,OUT_OF_STOCK
P1132,Various Product,Sports,Nike,49.78,59.94,IN_STOCK
P1133,Work Product,Fashion,Samsung,289.67,443.23,OUT_OF_STOCK
P1134,Father Product,Fashion,Nike,126.07,156.15,IN_STOCK
P1135,Back Product,Books,Apple,51.57,77.3,LOW_STOCK
P1136,Someone Product,Sports,Sony,264.84,292.3,OUT_OF_STOCK
P1137,Why Product,Electronics,Nike,177.08,227.59,IN_STOCK
P1138,Speech Product,Sports,Nike,292.72,439.92,IN_STOCK
P1139,Break Product,Sports,Nike,31.71,55.19,LOW_STOCK
P1140,Color Product,Fashion,Samsung,298.91,493.93,IN_STOCK
P1141,Moment Product,Electronics,Puma,155.69,177.64,IN_STOCK
P1142,Clearly Product,Sports,Puma,82.97,132.28,OUT_OF_STOCK
P1143,Require Product,Home,Adidas,258.6,411.89,LOW_STOCK
P1144,Side Product,Fashion,Puma,298.36,405.5,LOW_STOCK
P1145,Rest Product,Sports,Apple,100.51,122.42,IN_STOCK
P1146,Development Product,Sports,Samsung,107.56,177.47,IN_STOCK
P1147,Official Product,Sports,Apple,228.38,362.86,IN_STOCK
P1148,Perform Product,Fashion,Samsung,248.75,405.4,IN_STOCK
P1149,Care Product,Electronics,Samsung,114.9,179.23,LOW_STOCK
P1150,Order Product,Sports,Puma,201.32,268.79,IN_STOCK
P1151,Bad Product,Fashion,Apple,85.91,142.04,LOW_STOCK
P1152,State Product,Sports,Adidas,224.4,371.36,LOW_STOCK
P1153,Best Product,Home,Sony,19.98,24.19,OUT_OF_STOCK
P1154,Poor Product,Sports,Puma,202.67,224.56,IN_STOCK
P1155,Cause Product,Home,Samsung,273.8,317.98,LOW_STOCK
P1156,Dinner Product,Sports,Nike,37.54,48.41,IN_STOCK
P1157,Improve Product,Fashion,Sony,175.36,268.8,OUT_OF_STOCK
P1158,Model Product,Fashion,Apple,280.91,405.42,IN_STOCK
P1159,Detail Product,Books,Samsung,94.53,138.03,LOW_STOCK
P1160,Speech Product,Home,Apple,216.4,276.51,OUT_OF_STOCK
P1161,Reveal Product,Home,Samsung,57.05,91.67,LOW_STOCK
P1162,Next Product,Electronics,Samsung,178.11,196.81,IN_STOCK
P1163,Laugh Product,Sports,Adidas,231.2,255.51,IN_STOCK
P1164,Contain Product,Fashion,Sony,117.23,182.59,OUT_OF_STOCK
P1165,Box Product,Books,Samsung,60.15,71.08,LOW_STOCK
P1166,Truth Product,Sports,Adidas,210.3,315.83,IN_STOCK
P1167,Floor Product,Electronics,Sony,180.22,267.68,OUT_OF_STOCK
P1168,Forget Product,Sports,Nike,141.9,192.82,IN_STOCK
P1169,Check Product,Electronics,Puma,168.69,199.95,LOW_STOCK
P1170,Join Product,Books,Nike,77.56,122.78,IN_STOCK
P1171,Situation Product,Books,Nike,65.74,114.42,IN_STOCK
P1172,Resource Product,Fashion,Nike,159.25,185.33,OUT_OF_STOCK
P1173,Health Product,Sports,Sony,29.18,47.31,IN_STOCK
P1174,Nor Product,Electronics,Adidas,167.55,282.29,LOW_STOCK
P1175,Sure Product,Home,Samsung,297.04,493.6,OUT_OF_STOCK
P1176,Report Product,Sports,Puma,256.11,365.09,OUT_OF_STOCK
P1177,Star Product,Books,Adidas,146.72,254.06,LOW_STOCK
P1178,During Product,Books,Puma,78.45,133.88,IN_STOCK
P1179,Spring Product,Electronics,Apple,51.37,60.57,OUT_OF_STOCK
P1180,Building Product,Electronics,Adidas,226.58,351.13,OUT_OF_STOCK
P1181,Only Product,Home,Samsung,65.32,84.25,IN_STOCK
P1182,Ever Product,Books,Adidas,188.57,300.88,LOW_STOCK
P1183,Soon Product,Books,Puma,193.22,224.73,OUT_OF_STOCK
P1184,Great Product,Sports,Nike,101.03,139.88,IN_STOCK
P1185,South Product,Fashion,Nike,133.88,171.25,IN_STOCK
P1186,Total Product,Home,Apple,33.17,50.53,LOW_STOCK
P1187,Low Product,Books,Puma,246.08,309.88,LOW_STOCK
P1188,Then Product,Electronics,Nike,290.36,472.15,IN_STOCK
P1189,Prepare Product,Home,Puma,144.9,255.91,OUT_OF_STOCK
P1190,Use Product,Books,Nike,34.77,38.74,OUT_OF_STOCK
P1191,Concern Product,Home,Apple,122.34,137.09,IN_STOCK
P1192,Feeling Product,Home,Adidas,100.57,166.21,LOW_STOCK
P1193,Could Product,Electronics,Apple,265.49,320.43,LOW_STOCK
P1194,Role Product,Home,Puma,132.8,175.51,OUT_OF_STOCK
P1195,Mission Product,Sports,Nike,250.98,280.37,OUT_OF_STOCK
P1196,Break Product,Sports,Puma,64.8,76.71,OUT_OF_STOCK
P1197,Including Product,Home,Nike,124.79,223.39,LOW_STOCK
P1198,Investment Product,Electronics,Sony,71.54,103.36,OUT_OF_STOCK
P1199,Bag Product,Home,Adidas,123.12,139.03,OUT_OF_STOCK
P1200,Wide Product,Fashion,Sony,45.72,68.85,LOW_STOCK
P1201,Sing Product,Sports,Adidas,274.91,335.13,LOW_STOCK
P1202,Thought Product,Home,Puma,71.65,95.65,LOW_STOCK
P1203,Teacher Product,Books,Sony,147.52,168.48,IN_STOCK
P1204,As Product,Home,Sony,83.35,105.0,OUT_OF_STOCK
P1205,Environment Product,Books,Apple,55.3,76.85,LOW_STOCK
P1206,Poor Product,Fashion,Puma,54.72,85.53,LOW_STOCK
P1207,Test Product,Fashion,Nike,36.98,65.76,OUT_OF_STOCK
P1208,Thing Product,Fashion,Puma,217.92,333.02,LOW_STOCK
P1209,Someone Product,Home,Apple,105.13,173.11,LOW_STOCK
P1210,Across Product,Home,Adidas,66.25,97.4,OUT_OF_STOCK
P1211,Admit Product,Electronics,Apple,206.19,284.35,IN_STOCK
P1212,Evidence Product,Books,Puma,181.33,284.76,LOW_STOCK
P1213,Key Product,Sports,Puma,20.39,32.26,IN_STOCK
P1214,Option Product,Sports,Puma,157.56,261.89,IN_STOCK
P1215,Business Product,Home,Sony,246.98,367.56,OUT_OF_STOCK
P1216,Evening Product,Books,Sony,240.03,427.25,LOW_STOCK
P1217,Lay Product,Electronics,Puma,253.89,451.78,OUT_OF_STOCK
P1218,A Product,Sports,Adidas,269.23,300.11,IN_STOCK
P1219,Yourself Product,Electronics,Sony,44.04,65.81,OUT_OF_STOCK
P1220,Memory Product,Books,Sony,152.95,265.53,LOW_STOCK
P1221,Traditional Product,Sports,Sony,197.37,251.77,IN_STOCK
P1222,East Product,Fashion,Adidas,33.74,50.16,OUT_OF_STOCK
P1223,Improve Product,Books,Apple,171.3,266.92,IN_STOCK
P1224,Question Product,Sports,Apple,199.31,355.27,OUT_OF_STOCK
P1225,Seat Product,Fashion,Samsung,285.29,356.94,LOW_STOCK
P1226,Really Product,Home,Apple,258.81,404.59,LOW_STOCK
P1227,Year Product,Books,Nike,18.57,32.35,IN_STOCK
P1228,Issue Product,Sports,Nike,15.78,21.46,IN_STOCK
P1229,Detail Product,Fashion,Adidas,60.78,95.15,LOW_STOCK
P1230,Mouth Product,Books,Puma,261.7,354.38,OUT_OF_STOCK
P1231,Follow Product,Sports,Adidas,282.18,339.03,OUT_OF_STOCK
P1232,Upon Product,Fashion,Nike,170.96,265.27,LOW_STOCK
P1233,Performance Product,Books,Sony,76.74,118.25,LOW_STOCK
P1234,Cost Product,Home,Apple,292.91,341.03,OUT_OF_STOCK
P1235,Early Product,Books,Sony,90.72,157.1,IN_STOCK
P1236,Democrat Product,Books,Apple,60.99,67.27,LOW_STOCK
P1237,Hot Product,Sports,Samsung,157.68,252.95,IN_STOCK
P1238,Including Product,Sports,Sony,140.85,215.84,LOW_STOCK
P1239,Common Product,Fashion,Apple,23.25,40.68,IN_STOCK
P1240,President Product,Home,Sony,203.14,229.18,LOW_STOCK
P1241,End Product,Fashion,Samsung,68.55,110.25,OUT_OF_STOCK
P1242,Culture Product,Electronics,Puma,139.47,224.09,OUT_OF_STOCK
P1243,Piece Product,Home,Puma,218.22,357.05,LOW_STOCK
P1244,Foreign Product,Electronics,Sony,45.65,63.37,OUT_OF_STOCK
P1245,Chance Product,Books,Adidas,234.17,420.86,IN_STOCK
P1246,Wrong Product,Fashion,Sony,247.25,355.71,LOW_STOCK
P1247,Field Product,Sports,Sony,45.32,74.56,LOW_STOCK
P1248,Traditional Product,Electronics,Samsung,208.41,359.76,IN_STOCK
P1249,Before Product,Electronics,Puma,80.65,97.18,IN_STOCK
P1250,Which Product,Books,Sony,176.43,197.1,OUT_OF_STOCK
P1251,Start Product,Books,Sony,91.99,113.21,IN_STOCK
P1252,Base Product,Electronics,Nike,272.02,380.04,LOW_STOCK
P1253,Process Product,Electronics,Nike,131.98,210.09,LOW_STOCK
P1254,Then Product,Sports,Sony,255.53,413.26,IN_STOCK
P1255,Save Product,Fashion,Apple,69.87,89.12,LOW_STOCK
P1256,Character Product,Home,Nike,203.67,305.98,LOW_STOCK
P1257,Notice Product,Sports,Sony,164.56,261.59,OUT_OF_STOCK
P1258,Wear Product,Electronics,Adidas,230.12,265.68,IN_STOCK
P1259,About Product,Home,Adidas,49.34,66.19,OUT_OF_STOCK
P1260,Writer Product,Sports,Samsung,262.85,335.44,LOW_STOCK
P1261,Up Product,Books,Samsung,106.38,141.87,OUT_OF_STOCK
P1262,Owner Product,Home,Nike,239.29,278.8,LOW_STOCK
P1263,Pm Product,Books,Adidas,72.12,106.49,LOW_STOCK
P1264,Still Product,Fashion,Apple,268.39,464.33,LOW_STOCK
P1265,Civil Product,Sports,Nike,266.63,455.46,LOW_STOCK
P1266,Mrs Product,Electronics,Sony,67.64,96.4,LOW_STOCK
P1267,Give Product,Books,Sony,62.34,69.84,OUT_OF_STOCK
P1268,Compare Product,Fashion,Sony,58.36,66.41,IN_STOCK
P1269,Site Product,Fashion,Samsung,129.8,143.67,OUT_OF_STOCK
P1270,Together Product,Sports,Samsung,106.52,137.56,OUT_OF_STOCK
P1271,Base Product,Sports,Sony,140.26,249.58,OUT_OF_STOCK
P1272,Century Product,Books,Samsung,152.61,230.04,IN_STOCK
P1273,Write Product,Home,Puma,249.29,330.08,IN_STOCK
P1274,Standard Product,Books,Nike,76.71,105.67,IN_STOCK
P1275,Draw Product,Sports,Samsung,292.88,388.21,LOW_STOCK
P1276,By Product,Fashion,Puma,62.56,83.91,OUT_OF_STOCK
P1277,Central Product,Sports,Samsung,101.06,163.43,OUT_OF_STOCK
P1278,Serve Product,Home,Samsung,15.12,18.43,IN_STOCK
P1279,Expert Product,Sports,Puma,101.92,165.01,OUT_OF_STOCK
P1280,Rather Product,Electronics,Apple,226.69,267.7,IN_STOCK
P1281,News Product,Fashion,Puma,279.77,443.87,LOW_STOCK
P1282,Woman Product,Sports,Nike,23.25,39.2,LOW_STOCK
P1283,Mother Product,Sports,Apple,40.74,64.44,IN_STOCK
P1284,Election Product,Sports,Adidas,108.15,132.75,IN_STOCK
P1285,Little Product,Electronics,Apple,159.43,246.35,IN_STOCK
P1286,Wish Product,Electronics,Puma,45.66,51.86,LOW_STOCK
P1287,Particularly Product,Sports,Puma,67.07,94.47,LOW_STOCK
P1288,Hour Product,Sports,Samsung,227.28,372.32,IN_STOCK
P1289,Artist Product,Fashion,Sony,256.66,313.17,IN_STOCK
P1290,Drug Product,Books,Puma,278.65,370.44,OUT_OF_STOCK
P1291,Price Product,Fashion,Puma,275.29,480.58,OUT_OF_STOCK
P1292,Break Product,Electronics,Adidas,152.94,266.71,OUT_OF_STOCK
P1293,Among Product,Fashion,Apple,277.05,424.98,LOW_STOCK
P1294,Minute Product,Books,Puma,186.61,257.15,IN_STOCK
P1295,Away Product,Books,Apple,57.98,72.28,OUT_OF_STOCK
P1296,Themselves Product,Sports,Adidas,293.2,439.04,LOW_STOCK
P1297,Coach Product,Home,Adidas,58.95,83.44,OUT_OF_STOCK
P1298,Age Product,Books,Adidas,195.3,305.02,LOW_STOCK
P1299,Level Product,Electronics,Nike,278.0,406.69,IN_STOCK
P1300,Recent Product,Home,Adidas,55.52,82.28,IN_STOCK
P1301,Information Product,Home,Nike,51.99,70.61,OUT_OF_STOCK
P1302,Certainly Product,Home,Adidas,195.83,250.67,IN_STOCK
P1303,Design Product,Fashion,Samsung,294.97,441.48,IN_STOCK
P1304,Doctor Product,Electronics,Samsung,149.61,227.61,OUT_OF_STOCK
P1305,Home Product,Sports,Puma,198.59,223.68,OUT_OF_STOCK
P1306,Eight Product,Electronics,Adidas,74.5,132.76,OUT_OF_STOCK
P1307,Recent Product,Home,Apple,10.57,18.9,OUT_OF_STOCK
P1308,Present Product,Books,Nike,209.07,264.01,LOW_STOCK
P1309,Baby Product,Electronics,Sony,67.73,97.69,LOW_STOCK
P1310,Might Product,Electronics,Adidas,196.72,223.79,LOW_STOCK
P1311,Base Product,Fashion,Apple,85.46,128.46,IN_STOCK
P1312,Approach Product,Home,Samsung,88.81,108.82,OUT_OF_STOCK
P1313,City Product,Books,Samsung,208.81,287.94,OUT_OF_STOCK
P1314,Offer Product,Sports,Puma,129.96,219.66,OUT_OF_STOCK
P1315,Kid Product,Books,Adidas,45.26,59.55,OUT_OF_STOCK
P1316,Reflect Product,Home,Apple,128.06,210.74,OUT_OF_STOCK
P1317,Recently Product,Fashion,Puma,61.64,80.91,LOW_STOCK
P1318,Onto Product,Home,Puma,277.69,363.87,LOW_STOCK
P1319,Become Product,Home,Samsung,35.62,48.05,OUT_OF_STOCK
P1320,Understand Product,Books,Sony,246.14,324.77,LOW_STOCK
P1321,Third Product,Fashion,Samsung,46.32,80.99,LOW_STOCK
P1322,Prevent Product,Books,Nike,223.05,371.4,LOW_STOCK
P1323,Participant Product,Fashion,Nike,164.8,292.64,OUT_OF_STOCK
P1324,Suggest Product,Fashion,Nike,146.13,261.21,IN_STOCK
P1325,House Product,Electronics,Nike,191.62,311.84,IN_STOCK
P1326,Case Product,Home,Apple,246.92,396.84,LOW_STOCK
P1327,Factor Product,Home,Samsung,132.01,154.31,OUT_OF_STOCK
P1328,Nature Product,Fashion,Puma,172.97,197.61,OUT_OF_STOCK
P1329,Effort Product,Books,Apple,133.98,227.71,LOW_STOCK
P1330,Machine Product,Electronics,Nike,122.75,157.8,IN_STOCK
P1331,Ahead Product,Electronics,Apple,60.97,103.11,OUT_OF_STOCK
P1332,Agency Product,Books,Sony,227.48,254.79,LOW_STOCK
P1333,Network Product,Home,Puma,83.71,148.53,LOW_STOCK
P1334,Leg Product,Fashion,Sony,96.9,139.43,IN_STOCK
P1335,Seat Product,Electronics,Apple,60.68,79.15,LOW_STOCK
P1336,Rate Product,Books,Samsung,294.5,422.98,LOW_STOCK
P1337,While Product,Sports,Samsung,249.27,430.53,IN_STOCK
P1338,Western Product,Electronics,Adidas,45.52,62.54,IN_STOCK
P1339,Hot Product,Fashion,Nike,140.6,195.06,LOW_STOCK
P1340,Agreement Product,Fashion,Nike,197.2,302.16,LOW_STOCK
P1341,Part Product,Fashion,Sony,97.12,168.25,IN_STOCK
P1342,Avoid Product,Home,Apple,84.35,125.09,OUT_OF_STOCK
P1343,Discover Product,Sports,Samsung,137.0,236.58,IN_STOCK
P1344,Get Product,Home,Puma,114.45,201.68,IN_STOCK
P1345,War Product,Electronics,Nike,144.63,239.42,LOW_STOCK
P1346,Shake Product,Books,Samsung,256.06,412.96,OUT_OF_STOCK
P1347,Police Product,Books,Puma,165.81,295.38,LOW_STOCK
P1348,Property Product,Fashion,Nike,282.92,458.91,LOW_STOCK
P1349,Production Product,Electronics,Samsung,88.23,145.58,LOW_STOCK
P1350,President Product,Books,Apple,233.87,268.71,OUT_OF_STOCK
P1351,Detail Product,Home,Puma,183.93,287.35,LOW_STOCK
P1352,Know Product,Fashion,Adidas,214.94,313.27,IN_STOCK
P1353,Trouble Product,Sports,Nike,219.6,346.08,LOW_STOCK
P1354,Cause Product,Home,Puma,84.29,95.1,LOW_STOCK
P1355,Culture Product,Electronics,Sony,207.9,346.32,LOW_STOCK
P1356,Fear Product,Sports,Samsung,289.17,340.05,IN_STOCK
P1357,Field Product,Electronics,Puma,159.58,264.09,OUT_OF_STOCK
P1358,Seat Product,Sports,Apple,125.49,174.39,IN_STOCK
P1359,Modern Product,Home,Nike,16.77,24.05,LOW_STOCK
P1360,Born Product,Fashion,Nike,78.91,129.94,IN_STOCK
P1361,Decide Product,Books,Adidas,127.71,189.12,IN_STOCK
P1362,Worker Product,Electronics,Samsung,203.03,241.35,IN_STOCK
P1363,Education Product,Books,Nike,138.13,236.0,LOW_STOCK
P1364,Weight Product,Books,Apple,223.98,253.75,IN_STOCK
P1365,Most Product,Sports,Sony,253.73,328.02,IN_STOCK
P1366,North Product,Sports,Samsung,268.34,461.87,IN_STOCK
P1367,Long Product,Electronics,Nike,184.87,313.77,IN_STOCK
P1368,Rock Product,Books,Adidas,10.52,17.77,OUT_OF_STOCK
P1369,Building Product,Fashion,Sony,253.79,389.32,IN_STOCK
P1370,Agreement Product,Sports,Nike,71.36,102.93,IN_STOCK
P1371,Full Product,Books,Adidas,188.88,283.1,LOW_STOCK
P1372,Call Product,Electronics,Apple,241.0,351.91,IN_STOCK
P1373,Soldier Product,Home,Sony,175.8,267.93,IN_STOCK
P1374,Face Product,Sports,Sony,43.99,65.18,LOW_STOCK
P1375,Accept Product,Sports,Sony,48.54,69.49,LOW_STOCK
P1376,Course Product,Electronics,Sony,27.74,41.63,IN_STOCK
P1377,Scene Product,Sports,Nike,201.9,330.84,OUT_OF_STOCK
P1378,Hospital Product,Electronics,Nike,177.53,268.27,IN_STOCK
P1379,Apply Product,Electronics,Nike,223.94,264.37,LOW_STOCK
P1380,Memory Product,Sports,Apple,93.41,117.0,OUT_OF_STOCK
P1381,Discover Product,Books,Sony,92.46,163.38,LOW_STOCK
P1382,At Product,Sports,Samsung,147.17,246.68,OUT_OF_STOCK
P1383,Body Product,Books,Nike,146.54,166.23,OUT_OF_STOCK
P1384,Catch Product,Fashion,Adidas,99.45,153.64,IN_STOCK
P1385,Whose Product,Electronics,Sony,264.56,376.55,LOW_STOCK
P1386,Budget Product,Fashion,Apple,88.59,110.72,LOW_STOCK
P1387,Prepare Product,Books,Samsung,196.8,285.69,IN_STOCK
P1388,Each Product,Books,Sony,166.46,283.55,OUT_OF_STOCK
P1389,Design Product,Electronics,Nike,88.08,136.31,IN_STOCK
P1390,Less Product,Fashion,Adidas,23.26,29.64,IN_STOCK
P1391,We Product,Fashion,Sony,150.03,185.89,LOW_STOCK
P1392,Environmental Product,Electronics,Nike,254.75,357.28,LOW_STOCK
P1393,Son Product,Fashion,Puma,48.48,55.58,IN_STOCK
P1394,Test Product,Sports,Apple,161.18,278.04,IN_STOCK
P1395,Effect Product,Electronics,Sony,211.91,328.16,LOW_STOCK
P1396,Relationship Product,Fashion,Adidas,243.08,378.34,IN_STOCK
P1397,Marriage Product,Electronics,Samsung,127.85,222.22,LOW_STOCK
P1398,Put Product,Electronics,Nike,81.76,145.05,IN_STOCK
P1399,Idea Product,Sports,Samsung,213.34,340.18,OUT_OF_STOCK
P1400,Trial Product,Home,Apple,155.97,230.46,LOW_STOCK
P1401,Approach Product,Sports,Sony,253.38,279.52,IN_STOCK
P1402,Town Product,Electronics,Apple,168.35,276.23,LOW_STOCK
P1403,Nice Product,Home,Apple,36.0,40.51,LOW_STOCK
P1404,Civil Product,Electronics,Sony,261.09,397.95,OUT_OF_STOCK
P1405,Skin Product,Electronics,Nike,110.04,121.68,IN_STOCK
P1406,Floor Product,Fashion,Apple,174.11,226.05,OUT_OF_STOCK
P1407,Computer Product,Electronics,Nike,261.31,294.7,LOW_STOCK
P1408,Message Product,Electronics,Sony,13.74,17.91,IN_STOCK
P1409,Treatment Product,Home,Nike,249.94,305.53,IN_STOCK
P1410,Adult Product,Fashion,Samsung,182.36,207.71,LOW_STOCK
P1411,Early Product,Books,Nike,274.75,378.51,IN_STOCK
P1412,Daughter Product,Electronics,Adidas,142.34,247.64,LOW_STOCK
P1413,Shake Product,Electronics,Nike,294.85,460.85,LOW_STOCK
P1414,Official Product,Books,Apple,184.62,254.74,OUT_OF_STOCK
P1415,Thought Product,Sports,Sony,170.84,260.63,IN_STOCK
P1416,Old Product,Home,Adidas,239.08,299.31,OUT_OF_STOCK
P1417,Product Product,Fashion,Puma,254.59,401.85,IN_STOCK
P1418,Sort Product,Home,Puma,247.64,274.39,OUT_OF_STOCK
P1419,Necessary Product,Fashion,Apple,166.86,294.32,OUT_OF_STOCK
P1420,My Product,Electronics,Nike,186.28,206.08,OUT_OF_STOCK
P1421,Design Product,Books,Apple,258.44,458.05,OUT_OF_STOCK
P1422,Season Product,Sports,Samsung,151.47,213.96,IN_STOCK
P1423,Animal Product,Electronics,Adidas,13.27,17.32,LOW_STOCK
P1424,Lay Product,Sports,Puma,184.95,250.93,OUT_OF_STOCK
P1425,Call Product,Fashion,Apple,254.32,383.14,OUT_OF_STOCK
P1426,Fill Product,Electronics,Puma,82.75,136.17,IN_STOCK
P1427,Boy Product,Home,Puma,206.27,253.48,OUT_OF_STOCK
P1428,View Product,Fashion,Sony,286.89,476.72,OUT_OF_STOCK
P1429,Church Product,Books,Apple,279.72,369.21,OUT_OF_STOCK
P1430,Political Product,Electronics,Puma,237.63,402.08,LOW_STOCK
P1431,Short Product,Sports,Puma,34.58,60.23,OUT_OF_STOCK
P1432,Billion Product,Electronics,Nike,43.7,66.22,LOW_STOCK
P1433,Treatment Product,Books,Apple,285.88,335.03,LOW_STOCK
P1434,Girl Product,Home,Sony,207.29,286.19,OUT_OF_STOCK
P1435,Staff Product,Electronics,Apple,147.24,197.83,IN_STOCK
P1436,Southern Product,Home,Puma,93.25,155.84,OUT_OF_STOCK
P1437,Meet Product,Electronics,Nike,124.16,210.69,OUT_OF_STOCK
P1438,These Product,Electronics,Apple,56.93,73.77,LOW_STOCK
P1439,Place Product,Fashion,Puma,136.78,150.48,LOW_STOCK
P1440,Play Product,Electronics,Sony,143.97,164.72,IN_STOCK
P1441,They Product,Electronics,Samsung,213.51,266.99,OUT_OF_STOCK
P1442,Up Product,Home,Adidas,275.89,493.19,IN_STOCK
P1443,Course Product,Sports,Nike,151.85,167.52,LOW_STOCK
P1444,She Product,Electronics,Adidas,189.5,328.17,IN_STOCK
P1445,Table Product,Books,Apple,15.11,26.52,IN_STOCK
P1446,Party Product,Electronics,Nike,298.49,448.09,LOW_STOCK
P1447,Quality Product,Fashion,Sony,127.21,225.94,OUT_OF_STOCK
P1448,Evening Product,Fashion,Samsung,114.16,185.92,LOW_STOCK
P1449,Position Product,Home,Apple,188.08,244.54,OUT_OF_STOCK
P1450,Fill Product,Books,Puma,118.83,147.48,OUT_OF_STOCK
P1451,Direction Product,Electronics,Samsung,180.91,311.06,IN_STOCK
P1452,Other Product,Books,Adidas,285.37,446.27,LOW_STOCK
P1453,Return Product,Home,Apple,64.8,97.88,LOW_STOCK
P1454,Brother Product,Home,Adidas,217.17,343.09,LOW_STOCK
P1455,Father Product,Books,Samsung,105.59,127.91,IN_STOCK
P1456,Tonight Product,Fashion,Puma,168.68,224.25,LOW_STOCK
P1457,Television Product,Books,Nike,26.59,47.56,IN_STOCK
P1458,Soldier Product,Sports,Apple,97.63,149.7,IN_STOCK
P1459,Right Product,Books,Adidas,16.47,25.03,IN_STOCK
P1460,Sport Product,Electronics,Samsung,274.35,354.07,OUT_OF_STOCK
P1461,Source Product,Books,Adidas,160.58,200.91,IN_STOCK
P1462,Where Product,Home,Puma,286.69,460.05,LOW_STOCK
P1463,Member Product,Fashion,Sony,110.98,131.81,IN_STOCK
P1464,Present Product,Fashion,Puma,233.44,320.65,IN_STOCK
P1465,Recently Product,Electronics,Adidas,293.66,525.8,LOW_STOCK
P1466,Himself Product,Books,Sony,240.85,393.65,IN_STOCK
P1467,Way Product,Home,Nike,238.79,299.99,IN_STOCK
P1468,Culture Product,Electronics,Puma,284.18,368.11,OUT_OF_STOCK
P1469,Issue Product,Sports,Adidas,41.76,62.2,IN_STOCK
P1470,Name Product,Electronics,Apple,263.36,400.66,OUT_OF_STOCK
P1471,Small Product,Sports,Nike,131.78,169.95,IN_STOCK
P1472,Another Product,Sports,Nike,116.63,164.86,IN_STOCK
P1473,Health Product,Fashion,Puma,228.8,284.39,LOW_STOCK
P1474,Owner Product,Electronics,Puma,244.3,398.3,LOW_STOCK
P1475,Represent Product,Fashion,Apple,267.24,469.62,OUT_OF_STOCK
P1476,Tonight Product,Sports,Puma,50.18,72.33,OUT_OF_STOCK
P1477,Military Product,Electronics,Nike,161.91,249.82,IN_STOCK
P1478,I Product,Home,Puma,247.69,365.59,IN_STOCK
P1479,Main Product,Home,Puma,49.2,63.0,LOW_STOCK
P1480,Knowledge Product,Sports,Apple,277.73,408.25,OUT_OF_STOCK
P1481,Prepare Product,Fashion,Adidas,166.63,269.58,OUT_OF_STOCK
P1482,Son Product,Electronics,Puma,123.08,148.1,OUT_OF_STOCK
P1483,Home Product,Home,Puma,77.89,112.09,OUT_OF_STOCK
P1484,Suggest Product,Electronics,Samsung,294.38,420.57,IN_STOCK
P1485,Light Product,Sports,Nike,234.84,285.49,IN_STOCK
P1486,Middle Product,Sports,Sony,181.36,300.93,LOW_STOCK
P1487,Budget Product,Fashion,Sony,89.91,127.64,OUT_OF_STOCK
P1488,Light Product,Sports,Sony,166.84,267.61,LOW_STOCK
P1489,Movie Product,Electronics,Apple,186.96,265.43,LOW_STOCK
P1490,Paper Product,Home,Samsung,244.43,395.62,LOW_STOCK
P1491,Marriage Product,Books,Puma,63.86,72.93,OUT_OF_STOCK
P1492,National Product,Sports,Adidas,65.93,100.39,IN_STOCK
P1493,Direction Product,Home,Nike,238.16,350.37,IN_STOCK
P1494,Cultural Product,Home,Adidas,31.92,42.06,IN_STOCK
P1495,Never Product,Home,Sony,168.0,259.42,IN_STOCK
P1496,Instead Product,Sports,Nike,225.7,345.99,LOW_STOCK
P1497,Each Product,Books,Samsung,253.75,381.64,LOW_STOCK
P1498,Interest Product,Electronics,Adidas,26.09,43.54,LOW_STOCK
P1499,Respond Product,Sports,Puma,140.62,195.76,IN_STOCK
P1500,Sea Product,Home,Apple,267.44,354.76,OUT_OF_STOCK
